id,last name,first name,middle name,letter
1,ABBOTT,AYDAN,J.,D
2,ABBOTT,DEAN,B.,A
3,ABEL,DAKOTA,C.,C
4,ABRAHAM,AGATHA,D.,B
5,ABRAMS,CECILE,J.,C
6,ABREU,BAYLY,E.,D
7,ABREU,CATE,F.,D
8,ACEVEDO,ADLEY,J.,D
9,ACKERMAN,CORRA,G.,B
10,ACOSTA,ABOBAKER,H.,A
11,ADAIR,ABDULMOHYMEN,J.,B
12,ADAIR,AIESHA,J.,D
13,ADAMS,DONNIE,J.,A
14,ADDISON,DAVINA,I.,D
15,ADDISON,GARRY,J.,D
16,ADKINS,AIGHAN,J.,C
17,AGUILAR,AIDYN,J.,B
18,AGUILAR,BLAKE,J.,A
19,AGUILERA,AIDE,I.,B
20,AGUIRRE,BAMBELI,J.,B
21,AHMED,FATIMAH,K.,D
22,AHMED,FEARNE,J.,D
23,AKERS,BRENDON,L.,D
24,AKINS,AMAAR,M.,B
25,ALARCON,EDIE,N.,A
26,ALARCON,HARMONY,J.,D
27,ALBERT,ELISABETH,O.,D
28,ALBRECHT,COREY,J.,B
29,ALBRIGHT,ABOBAKER,P.,B
30,ALCALA,DANNII,Q.,B
31,ALDRIDGE,DESTINEE,R.,B
32,ALEMAN,EACHANN,J.,B
33,ALEMAN,EMILY-ROSE,J.,B
34,ALEXANDER,ARFA,S.,C
35,ALFARO,HAO,T.,A
36,ALFORD,DORIAN,U.,A
37,ALI,ABOBAKER,V.,D
38,ALLEN,HAMISH,J.,A
39,ALLISON,ARIAN,W.,D
40,ALLISON,BROOKLYN,W.,C
41,ALLRED,DAYNA,X.,D
42,ALONSO,HAROLD,J.,A
43,ALONZO,BENEDEK,Y.,B
44,ALSTON,ELOISE,Z.,C
45,ALSTON,HAROON,Z.,C
46,ALVARADO,ANNE,A.,B
47,ALVAREZ,EBONY,B.,D
48,ALVAREZ,ELENA,C.,B
49,AMADOR,AILEE,D.,A
50,AMADOR,CURTIS,E.,C
51,AMAYA,BASIM,F.,B
52,AMES,ALIX,Q.,B
53,AMOS,ELLIOTT,G.,B
54,AMOS,EMILE,G.,C
55,ANAYA,ANTEK,H.,D
56,ANAYA,CALE,I.,B
57,ANAYA,CORAL,J.,D
58,ANDERSEN,ADEJINMI,K.,D
59,ANDERSEN,ANNE,L.,B
60,ANDERSON,EDEN,M.,D
61,ANDRADE,ABHINAV,J.,C
62,ANDREWS,ELAF,N.,C
63,ANGEL,GREG,J.,C
64,ANTHONY,ANGELA,O.,A
65,AQUINO,AASHDON,J.,A
66,AQUINO,HALEY,J.,C
67,ARAGON,AMBER,P.,C
68,ARAGON,ANNELIESE,Q.,C
69,ARAGON,CODIE,R.,B
70,ARAGON,EMANUEL,S.,B
71,ARANDA,CELINA,T.,B
72,ARAUJO,DARRON,U.,D
73,ARCE,DAKOTA,V.,B
74,ARCHER,ETHEN,W.,B
75,ARELLANO,FRAZER,X.,A
76,AREVALO,ARKLE,Y.,A
77,AREVALO,DAKOTA,D.,D
78,ARGUETA,ABBI,Z.,B
79,ARIAS,BADEN,J.,C
80,ARMSTRONG,AILISH,J.,D
81,ARNOLD,BREAGH,A.,C
82,ARREDONDO,CINDY,B.,C
83,ARREDONDO,CORA,C.,B
84,ARREOLA,ARIELA,D.,D
85,ARREOLA,CODY-JAMES,I.,B
86,ARRIAGA,CHRYSTAL,E.,D
87,ARRINGTON,CHRISTINE,F.,B
88,ARROYO,AILEE,J.,C
89,ARTEAGA,ANTOINE,G.,D
90,ARTHUR,ESTHER,J.,A
91,ASH,AVA-LOUISE,H.,D
92,ASHLEY,CURTIS,I.,B
93,ATKINS,EMMANUEL,J.,A
94,ATKINSON,CAILIN,J.,A
95,AUSTIN,ERIC,J.,A
96,AVALOS,ALEKSANDRS,K.,A
97,AVALOS,ANNABELLE,L.,B
98,AVERY,EILEEN,J.,A
99,AVILA,CLAUDIA,M.,D
100,AVILES,ARSHVEER,N.,B
101,AYALA,ANAAN,O.,B
102,AYERS,ALISON,P.,C
103,BABCOCK,AASTON,Q.,C
104,BABCOCK,AVA-LOUISE,R.,D
105,BABCOCK,DANIELS,S.,B
106,BACA,ABDUR-RAHMAN,J.,C
107,BACON,GEMMA,Q.,C
108,BAEZ,CHLOE-LOUISE,T.,C
109,BAILEY,ANIR,J.,C
110,BAIRD,ALLY,U.,A
111,BAIRD,FRANKIE,V.,C
112,BAKER,EVELYN,I.,D
113,BALDWIN,DARIA,W.,C
114,BALL,ALWALEED,D.,B
115,BALLARD,ABBAD,X.,B
116,BALLARD,ALYX,J.,D
117,BANKS,ASTON,J.,C
118,BANUELOS,ANNELIESE,Y.,C
119,BARAJAS,AMIRAH,Z.,C
120,BARAJAS,AUTUMN,A.,A
121,BARAJAS,EDEN,Q.,C
122,BARBER,FATIMAH,J.,B
123,BARBOSA,AMY,B.,B
124,BARBOSA,CHRISTIAN,B.,C
125,BARKER,EMMA-LEIGH,J.,A
126,BARLOW,AWAIS,J.,C
127,BARNARD,EILIDH,C.,C
128,BARNES,ATLANTA,D.,A
129,BARNETT,ANNALIESE,D.,B
130,BARNHART,AHMID,J.,D
131,BARR,ALIXANDER,Q.,C
132,BARR,ANISH,E.,C
133,BARRAGAN,BECKY,F.,C
134,BARRAZA,ALISON,G.,A
135,BARRERA,ABDUR,J.,B
136,BARRETT,ABDELRAHMAN,H.,C
137,BARRETT,CARA,I.,A
138,BARRIENTOS,DAKOTA,J.,C
139,BARRIOS,ANTHONY,K.,D
140,BARRON,COEN,J.,B
141,BARRY,GIOVANNI,L.,B
142,BARTLETT,ANSH,J.,A
143,BARTON,AYRA,M.,D
144,BASS,BENTLEY,I.,A
145,BASS,BODHI,N.,A
146,BASSETT,ELYSSE,J.,C
147,BATEMAN,ABDOUL,J.,D
148,BATES,CARRIE,R.,D
149,BATISTA,ALEKSANDRA,J.,D
150,BATTLE,ABHIRAM,O.,D
151,BAUER,CALAN,P.,C
152,BAUMAN,DAYNA,Q.,C
153,BAUTISTA,ARDA,R.,B
154,BAXTER,BRAD,F.,A
155,BEACH,AMADOU,S.,A
156,BEAL,CILLIAN,T.,B
157,BEAN,CHUKWUBUIKEM,U.,A
158,BEARD,AILEE,V.,C
159,BEARD,AMY,V.,A
160,BEASLEY,FATIMAH,W.,B
161,BEATTY,ARTUR,X.,D
162,BEAVER,ALESSANDRO,Y.,C
163,BECERRA,ABIGAEL,Z.,D
164,BECERRA,ARAINN,A.,B
165,BECK,ALISTER,S.,A
166,BECKER,BORYS,B.,A
167,BEGAY,AADAM,C.,D
168,BEIL,BEATRICE,D.,A
169,BEIL,FRANCO,E.,C
170,BELCHER,CIARA,F.,B
171,BELL,ALEXA,V.,D
172,BELTRAN,BOYD,G.,B
173,BELTRAN,EMANUEL,I.,C
174,BENAVIDES,ADEOLU,H.,B
175,BENAVIDES,ARLO,I.,D
176,BENDER,CASSIE,J.,D
177,BENITEZ,ARGYLL,K.,D
178,BENITEZ,ELLIOTT,L.,B
179,BENJAMIN,AMY,M.,B
180,BENNETT,AARON-JOHN,J.,C
181,BENOIT,AJAY,N.,D
182,BENSON,AJAIPAL,J.,A
183,BENTLEY,ANGELIKA,O.,A
184,BENTON,FAY,J.,B
185,BERG,AIMEE-LEIGH,J.,C
186,BERGER,ARDEN,P.,B
187,BERGERON,ALAND,F.,D
188,BERGERON,AVA-GRACE,Q.,A
189,BERGMAN,ANJAN,R.,A
190,BERMUDEZ,CALLIE,S.,A
191,BERNAL,CAIDEN,T.,D
192,BERNARD,CARIS,U.,C
193,BERNSTEIN,CIERAN,V.,A
194,BERRY,ARRAN,W.,D
195,BEST,EVELYN,L.,D
196,BETANCOURT,ALESHA,X.,B
197,BETTS,ABDERRAHMANE,Y.,D
198,BEYER,BRODEN,Z.,A
199,BIGGS,ALEXIN,A.,D
200,BILLINGS,ARKLE,B.,A
201,BILLINGS,FRAZER,C.,A
202,BINGHAM,ELLIOT,I.,A
203,BIRD,ALEKSANDRS,R.,A
204,BIRD,EBEN,Q.,C
205,BISHOP,AARNAV,D.,A
206,BLACK,BECKY,E.,C
207,BLACK,CODI,F.,C
208,BLACKBURN,ARGYLL,R.,C
209,BLACKMON,AMAR,G.,A
210,BLACKWELL,AMY-LEIGH,H.,A
211,BLACKWELL,CALAN,I.,A
212,BLAIR,ASAD,J.,D
213,BLAKE,ANTHONY,I.,D
214,BLANCHARD,ARDA,U.,D
215,BLANCO,AVAH,K.,A
216,BLAND,CAILA,Q.,C
217,BLANKENSHIP,FRAZER,L.,D
218,BLANTON,GORDON,M.,A
219,BLEDSOE,ALISHA,N.,C
220,BLEVINS,CHERYL-ANN,O.,B
221,BLEVINS,CIARA,P.,B
222,BLOCK,AMIRA,I.,D
223,BLOCK,AUSTEN,Q.,C
224,BLOOM,AVA-LOUISE,R.,B
225,BLOUNT,DALE,S.,D
226,BLUE,DESTINEE,J.,B
227,BOGGS,AEDAN,O.,A
228,BOLDEN,DOROTHY,T.,A
229,BOLTON,AGHILAS,J.,C
230,BOLTON,DINO,J.,A
231,BOND,ANISE,U.,C
232,BONILLA,ARDIL,V.,D
233,BONNER,CONAN,W.,A
234,BOOKER,AMBER,X.,C
235,BOONE,CULLEN,Y.,D
236,BOOTH,AUTUMN,Z.,B
237,BOSWELL,ABDUR-RAHIM,V.,A
238,BOSWELL,ANNABELLA,A.,B
239,BOSWELL,CHRISTINE,B.,D
240,BOUCHER,CAITLIN-ANNE,J.,A
241,BOWDEN,ABHINAV,Q.,B
242,BOWEN,AMIEE,J.,C
243,BOWER,FREDDIE,C.,A
244,BOWER,GARETH,D.,B
245,BOWERS,FRAZER,E.,B
246,BOWLES,ANSON,F.,C
247,BOWLES,ARKLE,Q.,A
248,BOWLING,CLARK,G.,A
249,BOWMAN,AYDIN,H.,D
250,BOYCE,ALISHBA,V.,A
251,BOYCE,ARKLE,I.,A
252,BOYD,ANIYAH,I.,C
253,BOYD,CASSIDY,J.,B
254,BOYD,ELODIE,K.,C
255,BOYD,HAIDER,X.,D
256,BOYD,HARVEY,M.,D
257,BOYER,AMYLEIGH,L.,D
258,BOYLE,CULLEN,J.,D
259,BRADFORD,ANEESA,J.,A
260,BRADLEY,CLARK,J.,B
261,BRADSHAW,COEN,T.,C
262,BRADSHAW,FRAZER,T.,B
263,BRADY,ANNELISE,M.,C
264,BRAGG,AMADOU,F.,D
265,BRANCH,AUTUMN,N.,A
266,BRANCH,CALAN,O.,C
267,BRAND,ARKLE,I.,B
268,BRANDON,ABIHA,P.,C
269,BRANDT,HARIS,Q.,D
270,BRANTLEY,BECKY,R.,B
271,BRAUN,CONNOR,E.,C
272,BRAVO,DALE,S.,C
273,BRAY,AVEER,T.,A
274,BRENNAN,ARMANDO,U.,B
275,BREWER,ANISE,V.,D
276,BREWSTER,EFFY,G.,B
277,BRIDGES,ABBEY,I.,C
278,BRIDGES,ELISABETH,W.,A
279,BRIGGS,BARDIA,J.,D
280,BRIGHT,EKAM,T.,C
281,BRITO,AARAN,X.,A
282,BRITT,ALICJA,L.,C
283,BRITT,BRODEN,Y.,C
284,BRITTON,FRAZER,V.,A
285,BROCK,ALI,I.,B
286,BROOKS,ABDORAHMAN,L.,B
287,BROUSSARD,BAILIE,Q.,B
288,BROWN,EMIE,J.,A
289,BROWNE,AMAAR,F.,C
290,BROWNE,BONNI,Q.,B
291,BROWNE,EMILIO,G.,C
292,BROWNING,AARRON,C.,B
293,BROWNING,CIERAN,Y.,A
294,BRUCE,ABHIRAM,Z.,B
295,BRUNO,ARKLE,F.,B
296,BRYAN,ANNELISE,J.,A
297,BRYANT,DANNII,A.,D
298,BRYSON,ALEKSANDR,B.,A
299,BUCHANAN,ALEISTER,B.,C
300,BUCK,DANNII,C.,C
301,BUCKLEY,AMIRREZA,D.,A
302,BUCKNER,AMYLEE,E.,C
303,BUCKNER,BAY,F.,C
304,BUI,ALBERT,J.,A
305,BULLARD,AMIRAH,J.,D
306,BULLOCK,ARIELA,G.,A
307,BUNCH,ANTONIO,R.,B
308,BURCH,ANEURIN,B.,D
309,BURGER,ALIXANDER,L.,A
310,BURGESS,AIREN,J.,C
311,BURGESS,AMAAN,H.,B
312,BURGESS,AMIEE,I.,A
313,BURGESS,DANNII,I.,A
314,BURGOS,ACE,C.,B
315,BURGOS,BADEN,V.,D
316,BURKE,FRANCES,J.,B
317,BURKETT,AMMAAR,K.,C
318,BURKS,CIERAN,L.,D
319,BURKS,DAKOTA,M.,A
320,BURNETT,ELLIOTT,H.,C
321,BURNS,CHELSEY,N.,D
322,BURRELL,EMAAN,J.,A
323,BURRIS,FYNN,O.,C
324,BURT,CAMPBELL,J.,A
325,BURTON,BARNA,J.,C
326,BUSH,ALANS,Q.,C
327,BUSTAMANTE,CARLO,L.,D
328,BUTCHER,ALEX,J.,C
329,BUTLER,AMILY,O.,D
330,BUTLER,AYLEE,J.,A
331,BUTLER,DEBORAH,J.,B
332,BUTLER,DENIZ,J.,C
333,BUTTS,DAPHNE,N.,C
334,BYERS,ANNE,J.,A
335,BYRD,ANDREW,J.,B
336,BYRNE,CHRISTIE,F.,C
337,CABALLERO,FAHIM,J.,A
338,CABRAL,ANJA,P.,A
339,CABRERA,ANNELIESE,Q.,B
340,CABRERA,EMMA-LOUISE,R.,B
341,CAGLE,FLORA,S.,A
342,CAHILL,CORIN,J.,A
343,CAIN,ABDULLAH,J.,A
344,CALDERON,ARKADIUSZ,T.,B
345,CALDERON,FARAH,T.,A
346,CALDWELL,DOLAN,U.,A
347,CALHOUN,GRAYSON,J.,D
348,CALLAHAN,AGATA,J.,B
349,CALLAHAN,ALISDAIR,L.,B
350,CALLAHAN,ALISTER,I.,D
351,CALLAHAN,ANGELINA,V.,C
352,CALLAHAN,CHEYENNE,J.,C
353,CALVERT,BENICIO,W.,B
354,CAMACHO,ANNA,X.,A
355,CAMERON,AHMID,J.,A
356,CAMERON,CORDELIA,J.,B
357,CAMP,DAMON,Y.,D
358,CAMPBELL,CHARLIZE,U.,B
359,CAMPOS,AIYLA,Z.,B
360,CANALES,AVA-MAE,J.,C
361,CANALES,DEBORAH,J.,A
362,CANALES,DONALD,J.,B
363,CANALES,ELLY,J.,B
364,CANNON,DARCEY,N.,C
365,CANO,AHRON,J.,D
366,CANTRELL,EILAH,A.,D
367,CANTU,ADA,B.,D
368,CANTU,ANNELIESE,C.,B
369,CANTU,BENICIO,D.,A
370,CANTU,HAIDEN,E.,D
371,CAO,AIRIL,F.,C
372,CAPPS,EMMY,G.,A
373,CARBAJAL,CARMEN,J.,C
374,CARDENAS,GARETH,S.,B
375,CARDONA,ALFIE-JOHN,V.,B
376,CARDONA,ALLANA,V.,D
377,CAREY,BARRI,J.,B
378,CAREY,BENICIO,H.,B
379,CARLISLE,ALEXX,X.,A
380,CARLSON,AZHAR,I.,A
381,CARLTON,FAREED,J.,B
382,CARMICHAEL,ELLIS,J.,D
383,CARMONA,BARCLAY,J.,A
384,CARMONA,BARTEK,J.,B
385,CARNEY,CHARIS,K.,B
386,CARNEY,ELAINA,H.,A
387,CARPENTER,AMY,L.,D
388,CARPENTER,ANJA,M.,B
389,CARPENTER,ARSAL,J.,D
390,CARPENTER,DEMI-LEE,L.,B
391,CARR,BALDEV,N.,B
392,CARR,BYRON,O.,A
393,CARRANZA,BALJEET,F.,D
394,CARRANZA,BRODEN,P.,B
395,CARRASCO,ANTONIO,D.,D
396,CARRILLO,ALAND,Q.,B
397,CARRILLO,AVEER,R.,A
398,CARRILLO,BALFOUR,S.,C
399,CARRILLO,BEATRICE,T.,D
400,CARRILLO,BENICIO,U.,A
401,CARRILLO,BENICIO,V.,C
402,CARRILLO,FARYL,W.,C
403,CARROLL,AHMET,J.,C
404,CARSON,GIBSON,J.,A
405,CARTER,AMITY,X.,C
406,CARTWRIGHT,BO,J.,A
407,CARUSO,AUTUMN,Y.,C
408,CARVER,ANJA,Z.,D
409,CARVER,ASPEN,A.,C
410,CARVER,EVIE,I.,B
411,CASAS,ARCHIE,B.,B
412,CASE,ALEXANDER-JAMES,C.,D
413,CASE,ALEXANDRU,D.,D
414,CASEY,ALEXANDER-JAMES,E.,B
415,CASH,COBEY,Q.,D
416,CASILLAS,ELI,F.,A
417,CASSIDY,ABEERA,G.,A
418,CASTANEDA,BELLE,I.,C
419,CASTELLANOS,BARDIA,Y.,C
420,CASTILLO,FATHIMA,Q.,B
421,CASTILLO,FATIMA,W.,B
422,CASTLE,COEN,H.,A
423,CASTRO,AMY,O.,C
424,CATES,BAYLY,X.,C
425,CAUDILL,DANIELLA,I.,A
426,CAVANAUGH,DEANNA,G.,D
427,CERDA,GEORGIE,J.,C
428,CERVANTES,ANIA,J.,C
429,CHACON,AKSHAR,I.,B
430,CHACON,BREANNA,Q.,C
431,CHAMBERLAIN,ABDURRHMAN,J.,C
432,CHAMBERS,AMAL,K.,D
433,CHAN,DEON,V.,D
434,CHAN,FRANKIE,Q.,A
435,CHANDLER,BEATRICE,G.,A
436,CHANEY,AYA,L.,A
437,CHANEY,CAI,M.,B
438,CHANG,AKSHAR,U.,D
439,CHANG,ANNE,C.,A
440,CHAPMAN,AINORAS,E.,A
441,CHAPMAN,AMBER,O.,C
442,CHAPMAN,AMEERAH,W.,B
443,CHAPMAN,BOYD,N.,B
445,CHAPMAN,COEN,O.,C
446,CHAPMAN,ELISABETH,P.,B
447,CHAPPELL,AVA-LOUISE,O.,A
448,CHARLES,DARRON,Q.,D
449,CHARLES,HAYDEN,M.,B
450,CHASE,DANIELS,V.,A
451,CHAVARRIA,CHARISSA,R.,C
452,CHAVEZ,ALICK,S.,D
453,CHEN,AVA-LOUISE,G.,A
454,CHENG,CATE,T.,C
455,CHENG,FRASER,W.,D
456,CHERRY,ALEKSEJS,U.,B
457,CHEUNG,BARDIA,B.,C
458,CHILDERS,ANNE,V.,B
459,CHILDRESS,CARLIE,W.,C
460,CHILDS,ABDULA,X.,B
461,CHIN,AILIDH,Y.,D
462,CHO,ANTONI,W.,D
463,CHOI,CHARISSA,F.,A
464,CHRISTENSEN,CARLO,R.,C
465,CHRISTENSEN,DAYNA,H.,B
466,CHRISTIAN,ALYSSA,J.,C
467,CHRISTIANSEN,ANEES,S.,C
468,CHRISTIE,ANTONI,Z.,C
469,CHRISTOPHER,BARDIA,Y.,C
470,CHU,ABEDRAOUF,A.,D
471,CHUNG,ABDULRAHIM,B.,A
472,CHURCH,DARWIN,C.,A
473,CISNEROS,ELVIS,U.,D
474,CLARK,FFION,R.,D
475,CLARKE,FELICIA,D.,C
476,CLAY,COBEY,I.,C
477,CLAYTON,ADAN,J.,B
478,CLAYTON,FAHAD,J.,B
479,CLEMENT,FELIX,E.,B
480,CLEMENTS,FYNLAY,W.,C
481,CLEMONS,DARRON,F.,A
482,CLEVELAND,COBEY,G.,D
483,CLIFFORD,ALESSIO,H.,B
484,CLIFFORD,ANGELINA,R.,B
485,CLIFTON,AXEL,J.,B
486,CLINE,COLBY,J.,C
487,CLINE,DEBORAH,J.,C
488,COATES,BENCE,J.,D
489,COBB,ALISSA,J.,C
490,COCHRAN,ARIA,I.,A
491,CODY,DOUGAL,P.,C
492,COFFEY,ALLISTER,W.,B
493,COFFMAN,CADE,J.,A
494,COHEN,AMY,J.,D
495,COHEN,BETHANY,K.,C
496,COHEN,COEN,E.,C
497,COHEN,FATHIMA,L.,B
498,COKER,AROUSH,M.,B
499,COLBERT,ATILA,V.,C
500,COLE,AIDE,Q.,B
501,COLEMAN,ANDERSON,N.,C
502,COLLIER,FLETCHER,R.,B
503,COLLINS,ALEXANDRA,J.,B
504,COLON,ABEL,O.,B
505,COLON,ELLOUISE,Q.,A
506,COLVIN,AILEE,R.,B
507,COMBS,AADYN,P.,A
508,COMBS,BROOKE,P.,A
509,COMPTON,AUDREY,K.,C
510,CONKLIN,FLORENCE,Q.,A
511,CONLEY,CULLEN,J.,B
512,CONNELL,BRODEN,J.,A
513,CONNELLY,ALANNA,N.,D
514,CONNER,ANISH,S.,B
515,CONNER,AODHAN,R.,C
516,CONNOLLY,CIERAN,Y.,C
517,CONNOR,AMEERAH,S.,B
518,CONNORS,ANNE,T.,B
519,CONRAD,ANTONINA,J.,B
520,CONRAD,CALE,J.,A
521,CONTRERAS,ANNE,Q.,B
522,CONWAY,AIDANLEE,U.,D
523,CONWAY,BRANDAN,U.,A
524,CONWAY,BRODI,V.,A
525,COOK,ARA,G.,C
526,COOKE,DAISI,J.,D
527,COOLEY,ANDREA,W.,D
528,COOPER,AARRAN,X.,B
529,COPE,DIARMUID,J.,C
530,COPE,ELYSSA,Y.,A
531,COPELAND,AYAZ,Z.,A
532,CORBETT,CAOIMHE,A.,B
533,CORBETT,CURTIS,I.,C
534,CORBIN,CORMAC,J.,B
535,CORCORAN,AIMEE,B.,D
536,CORDERO,BRIONY,C.,D
537,CORDERO,GABRIELA,J.,A
538,CORDOVA,COLIN,D.,A
539,CORLEY,DARRAGH,J.,B
540,CORNEJO,AFFAN,E.,D
541,CORNELIUS,DANIELS,F.,A
542,CORNELL,DOROTA,J.,C
543,CORONA,ANYA,G.,B
544,CORONADO,ANNIKA,H.,B
545,CORREA,GARETH,R.,C
546,CORTES,AIDE,I.,C
547,CORTEZ,CAMERYN,J.,C
548,COSTA,CATHAL,K.,A
549,COSTELLO,ABI,L.,D
550,COTE,BLANKA,F.,D
551,COTTON,ABHIRAM,J.,D
552,COTTON,BEINN,J.,D
553,COUCH,COEN,L.,D
554,COULTER,AIDE,M.,C
555,COURTNEY,ABHINAV,N.,A
556,COURTNEY,ALICK,Q.,A
557,COURTNEY,ANISH,L.,D
558,COVARRUBIAS,CLARK,O.,D
559,COVINGTON,GORDON,Q.,C
560,COWAN,BADEN,P.,C
561,COWAN,BOYD,Q.,C
562,COX,ANTONI,R.,A
563,COYLE,ARAN,J.,D
564,CRABTREE,BRYONY,Q.,D
565,CRABTREE,CALAN,I.,B
566,CRAFT,APRIL,O.,A
567,CRAIG,AIDEN,J.,A
568,CRAIN,BERK,U.,C
569,CRAMER,ANJA,I.,C
570,CRANE,FIONA,S.,B
571,CRAWFORD,EMMIE,T.,C
572,CRAWFORD,HASHIM,X.,A
573,CRENSHAW,ADABPREET,I.,C
574,CRENSHAW,ARNAV,V.,B
575,CRESPO,ELLY,U.,A
576,CREWS,ANTONIO,V.,D
577,CREWS,BEATRICE,W.,C
578,CROCKER,CAYDEN,X.,D
579,CROCKETT,ALESSIO,D.,C
580,CRONIN,ARIELA,V.,D
581,CROSBY,AVA-ROSE,Y.,B
582,CROSBY,BASSIRU,Z.,B
583,CROSS,ALBAN,J.,B
584,CROUCH,AARRAN,A.,D
585,CROUCH,DAVIS,A.,C
586,CROW,CARLI,B.,D
587,CROW,DEBBIE,C.,A
588,CROWDER,EDWARD,D.,A
589,CROWE,EWA,J.,B
590,CROWLEY,HAIDER,E.,A
591,CRUM,HARLOW,W.,C
592,CRUMP,AADYN,R.,D
593,CRUZ,ABBAD,F.,D
594,CUELLAR,AARON,F.,D
595,CUEVAS,CARINA,G.,A
596,CULLEN,ALICE,I.,B
597,CULLEN,BELLA,I.,C
598,CULVER,FARRAH,J.,B
599,CUMMINGS,BADEN,H.,D
600,CUMMINS,ALANS,I.,D
601,CUNNINGHAM,DARAH,J.,A
602,CURRAN,DANIELS,J.,D
603,CURRY,CHRYSTAL,P.,D
604,CURTIS,ABDELRAUOF,K.,B
605,DAHL,ADA,L.,D
606,DAILEY,ANGELINA,Y.,B
607,DALE,ANTHONY-JOHN,J.,B
608,DALEY,CAILEAN,M.,C
609,DALTON,ALANNA,N.,D
610,DALY,ADA,K.,A
611,DALY,AKSHAR,V.,D
612,DANG,ABBAD,O.,D
613,DANIEL,ANN-MARIE,S.,A
614,DANIELS,FRANCISZEK,J.,B
615,DARBY,AILEE,R.,C
616,DARBY,EKAM,V.,C
617,DARLING,AILEE,P.,A
618,DARNELL,CARRIE,U.,A
619,DASILVA,AMELIE,Q.,A
620,DAUGHERTY,HARLOW,R.,A
621,DAVENPORT,ALIXANDER,S.,B
622,DAVENPORT,ANDREAS,T.,D
623,DAVID,ALEXZANDER,L.,B
624,DAVID,EMILIO,V.,A
625,DAVIDSON,ALESSIO,J.,A
626,DAVIES,CHIAMAKA,U.,D
627,DAVILA,AMY,V.,C
628,DAVILA,EDGAR,W.,D
629,DAVIS,AURYN,J.,C
630,DAVIS,DIANA,J.,B
631,DAVISON,ANIYA,J.,B
632,DAWSON,BAYLY,X.,A
633,DAY,AADYN,Y.,B
634,DAY,ABBAD,Z.,B
635,DAY,ARIANNA,I.,A
636,DAY,GORDON,A.,A
637,DEAL,CALAN,I.,A
638,DEAL,COCO,B.,B
639,DEAN,ANEIRIN,Q.,C
640,DECKER,BAYLY,X.,A
641,DEJESUS,CALLUM,I.,B
642,DELACRUZ,AZAIA,C.,C
643,DELANEY,ARISTARKH,J.,D
644,DELAROSA,AMIOGHO,D.,B
645,DELATORRE,CATHAL,Q.,A
646,DELATORRE,EDWARD,L.,A
647,DELEON,CHRYSTAL,E.,A
648,DELEON,EMANUEL,V.,A
649,DELGADO,BARDIA,O.,C
650,DELONG,BILLIE,I.,A
651,DELOSSANTOS,BAYLY,F.,A
652,DELOSSANTOS,FREDERICK,W.,A
653,DEMPSEY,ANSON,G.,C
654,DENNIS,ADDISON,H.,D
655,DENTON,ADRIAN,Q.,B
656,DENTON,CAROLINE,I.,A
657,DESAI,CAOIMHE,L.,B
658,DESAI,EMANUEL,U.,A
659,DEVINE,BEATRICE,J.,A
660,DEWITT,ALLISTER,K.,B
661,DIAMOND,CAOIMHE,I.,A
662,DIAZ,BAYLY,S.,C
663,DICK,ANNA-ROSE,J.,B
664,DICKENS,ADRIAN,L.,B
665,DICKERSON,ALLISTER,S.,B
666,DICKEY,AUSTYN,J.,D
667,DICKINSON,ELLIOTT,I.,B
668,DICKSON,BEATRICE,N.,A
669,DIEHL,COCO,M.,D
670,DIETZ,ADEJINMI,X.,C
671,DIETZ,ADRIAN,P.,D
672,DIETZ,CAILA,N.,A
673,DILL,ABDUL-REHMAN,J.,A
674,DILLARD,CARIS,O.,B
675,DILLON,EMMIE,P.,B
676,DIXON,BILAL,I.,D
677,DO,ANJA,I.,A
678,DOAN,ALEXANDRA,L.,C
679,DOBBS,FIONN,P.,C
680,DOBSON,AVA,H.,D
681,DODD,BARDIA,Q.,C
682,DODD,ELLIOTT,Q.,B
683,DODGE,ALIESHA,W.,C
684,DODSON,CAOIMHE,I.,C
685,DOHERTY,ABIGAIL,R.,B
686,DOLAN,BRUCE,S.,A
687,DOMINGUEZ,ALASDHAIR,T.,D
688,DOMINGUEZ,ANJAN,I.,B
689,DONAHUE,ALEXI,Z.,A
690,DONALDSON,ALLISTER,U.,A
691,DONNELLY,AARRON,V.,C
692,DONNELLY,ALEKSANDR,U.,C
693,DONOVAN,ANTONIO,J.,D
694,DOOLEY,ANIKA,W.,C
695,DORSEY,BRIANNE,J.,B
696,DORSEY,EMIL,J.,B
697,DOSS,ELLY,X.,B
698,DOTSON,CRAIG,J.,C
699,DOTY,EDMUND,J.,A
700,DOUGHERTY,ALANS,K.,D
701,DOUGHERTY,ANMOL,G.,A
702,DOUGLAS,CHARLEY,Y.,D
703,DOWNEY,ABUBAKAR,P.,C
704,DOWNEY,DARRON,M.,C
705,DOWNING,HAYDEN,Z.,D
706,DOWNS,CATHY,I.,D
707,DOWNS,DINO,Q.,C
708,DOYLE,AVA-MAE,A.,B
709,DRAKE,AARRON,B.,C
710,DRAPER,CHIAMAKA,J.,A
711,DREW,ALEEZA,J.,B
712,DREW,ARNOD,J.,A
713,DRISCOLL,ASHLEIGH,J.,C
714,DRUMMOND,CHARLI,C.,C
715,DRUMMOND,CORBIN,D.,A
716,DUARTE,A-JAY,D.,A
717,DUBOIS,CLAY,J.,D
718,DUDLEY,CHEN,J.,C
719,DUFFY,COEN,E.,C
720,DUGAN,ARGYLL,F.,A
721,DUGAN,FRAZER,G.,B
722,DUKE,FALLON,G.,C
723,DUKES,CAITLYN,R.,B
724,DUNBAR,ARIANNE,H.,C
725,DUNCAN,ELLIOTT,M.,D
726,DUNHAM,AVAH,N.,D
727,DUNLAP,CHARLOTTE,J.,C
728,DUNN,AZIZ,I.,B
729,DUONG,ANIKA,R.,C
730,DURAN,GARETH,V.,C
731,DURHAM,DANIYAL,J.,B
732,DUVALL,AMINA,K.,A
733,DWYER,AMAR,U.,D
734,DWYER,ANNELIESE,M.,C
735,DYE,CAMERON,J.,D
736,DYE,FREJA,J.,C
737,DYER,ANASTASIA,L.,C
738,EASON,ANTONIO,U.,B
739,EATON,EWEN,J.,A
740,EDDY,GENE,J.,B
741,EDMONDS,BAYLY,K.,C
742,EDWARDS,ALEXZANDER,M.,A
743,EDWARDS,BEATRICE,R.,D
744,EGAN,CARAGH,Q.,D
745,ELDER,GRAY,N.,C
746,ELDER,HARRY,I.,D
747,ELDRIDGE,BO,Y.,B
748,ELIAS,CIERAN,O.,D
749,ELKINS,ARHAB,K.,B
750,ELKINS,BAYLY,R.,C
751,ELKINS,FRAZER,P.,C
752,ELLIOTT,COEN,U.,C
753,ELLIS,AADYN,W.,B
754,ELLISON,ADEDIMEJI,V.,C
755,ELMORE,DARCIE,Q.,B
756,EMERSON,AILIE,V.,A
757,EMERY,BEAU,R.,D
758,ENGEL,EMANUEL,I.,C
759,ENGLAND,ELISABETH,Y.,C
760,ENGLE,AYAN,G.,A
761,ENGLE,FRAZER,F.,C
762,ENGLISH,DEMILEE,S.,A
763,ENRIQUEZ,CAROLINE,T.,A
764,EPPS,EDWARD,V.,A
765,ERICKSON,HAILIE,U.,C
766,ERNST,ALLY,V.,C
767,ERNST,ANISH,W.,A
768,ERVIN,CHIARA,M.,D
769,ERWIN,ADRIAN,E.,B
770,ESCALANTE,ELVIS,J.,B
771,ESCALANTE,FELICITY,J.,A
772,ESCAMILLA,ARON,X.,D
773,ESCOBAR,BEATRIZ,J.,A
774,ESCOBEDO,DANTE,Y.,B
775,ESPARZA,AIDE,J.,D
776,ESPINOSA,ANIZOBA,Z.,D
777,ESPINOZA,AMIEE,T.,B
778,ESPOSITO,AILEIGH,A.,C
779,ESQUIVEL,ELISE,B.,A
780,ESTES,DEVYN,G.,B
781,ESTRADA,ANNE,E.,D
782,EUBANKS,ABI,C.,C
783,EUBANKS,CULLEN,Q.,A
784,EUBANKS,EMILIS,D.,A
785,EVANS,CHRISTY,E.,A
786,EVERETT,ELLY,F.,D
787,EWING,HARLOW,O.,D
788,FAIR,AUTUMN,G.,A
789,FARLEY,DARRON,H.,C
790,FARMER,EMILIO,G.,A
791,FARR,CALAN,I.,C
792,FARR,EMANUEL,I.,C
793,FARRELL,HAILEY,N.,D
794,FARRIS,ANJAN,J.,B
795,FARRIS,DARAGH,S.,D
796,FAULKNER,BERTRAM,I.,D
797,FELDMAN,AMITY,K.,D
798,FELICIANO,ALESSIO,L.,D
799,FELICIANO,ANGELINA,M.,A
800,FELIX,CARLI,E.,C
801,FERGUSON,AYAZ,Q.,D
802,FERNANDES,AIDE,N.,D
803,FERNANDEZ,ALISON,Q.,B
804,FERREIRA,ARMAAN,P.,D
805,FERREIRA,ARNAV,Q.,A
806,FERRELL,AMIRAH,O.,C
807,FERRIS,BADEN,E.,B
808,FIELD,DANNII,I.,D
809,FIELDS,ANEESA,J.,D
810,FIELDS,ARCHIE-JAY,J.,C
811,FIELDS,DEMI-LEE,P.,A
812,FIGUEROA,BAJAN,J.,B
813,FINCH,ANDREA,J.,B
814,FINK,GILBERT,Q.,D
815,FINLEY,ANGELO,J.,C
816,FINLEY,BAYLY,R.,B
817,FINN,BROGAN,R.,D
818,FISCHER,FAITH,J.,B
819,FISH,ALEKSANDR,Y.,B
820,FISH,ELLIOTT,L.,A
821,FISHER,ABDALKHALQ,J.,D
822,FISHER,AIZAH,J.,B
823,FITCH,DANI,S.,D
824,FITZGERALD,ARLENE,T.,C
825,FITZPATRICK,AYLEIGH,V.,D
826,FLAHERTY,FRAZER,U.,A
827,FLANAGAN,CAILYN,J.,B
828,FLEMING,ARJUN,V.,D
829,FLETCHER,HAIDER,W.,D
830,FLORES,ANTONI,X.,A
831,FLOWERS,ABDULA,R.,D
832,FLOYD,ABDULA,Y.,D
833,FLYNN,BETTY,Z.,C
834,FOLEY,ADNAN,R.,B
835,FONG,ANTONIA,A.,D
836,FONG,ARTURAS,J.,B
837,FONSECA,ALYX,B.,A
838,FONSECA,ANNELIESE,C.,D
839,FONTENOT,BREE,I.,D
840,FORBES,AILEE,W.,B
841,FORBES,DARAGH,D.,D
842,FORD,BARDIA,V.,B
843,FORD,COINNEACH,L.,C
844,FOREMAN,COEN,E.,C
845,FORREST,GABRIELLA,E.,D
846,FOSTER,ANNE,F.,A
847,FOUNTAIN,DAMARIS,G.,C
848,FOWLER,CODY-JAMES,I.,D
849,FOX,AADEN,J.,C
850,FRANCIS,ARMANDO,K.,C
851,FRANCISCO,ADA,A.,C
852,FRANCISCO,ANTONIO,H.,B
853,FRANCISCO,HAIDER,O.,D
854,FRANCO,ARMAAN,V.,D
855,FRANK,FRANCO,Q.,B
856,FRANKLIN,BAILIE,M.,D
857,FRANKS,AVA-LOUISE,A.,A
858,FRASER,ELISSA,J.,B
859,FRAZIER,BLANE,J.,D
860,FREDERICK,CAYDEN,I.,D
862,FRENCH,CANDICE,Q.,D
863,FREY,CASPER,I.,A
864,FREY,CAYDEN,A.,C
865,FRIEDMAN,AMAR,R.,C
866,FRIEND,AGHILAS,K.,C
867,FRITZ,ADHVIK,L.,B
868,FROST,AVEER,D.,A
869,FRY,ALASDAIR,M.,D
870,FRYE,CARRIE,Y.,A
871,FRYE,DILLAN,U.,A
872,FUENTES,BAYLY,G.,B
873,FULLER,BILLY,N.,A
874,FULTON,CAELYN,O.,A
875,FUNK,DANNII,P.,B
876,GABRIEL,ARKLE,R.,D
877,GABRIEL,AUTUMN,Y.,D
878,GAGNON,ARONAS,Q.,C
879,GAINES,ALEC,J.,C
880,GAINES,AMITY,J.,D
881,GAINES,AZAN,R.,B
882,GALINDO,AWAIS,S.,B
883,GALINDO,DANNI,D.,B
884,GALLAGHER,FREDRIK,T.,B
885,GALLARDO,BAYLY,U.,D
886,GALLEGOS,DAKOTA,F.,D
887,GALLO,BENICIO,R.,C
888,GALLOWAY,CELESTE,V.,A
889,GALVAN,DAYNA,W.,C
890,GALVAN,DREW,W.,C
891,GALVEZ,ALEXANDER-JAMES,F.,D
892,GAMBLE,BERK,J.,C
893,GAMBOA,AFFAN,S.,B
894,GAMEZ,ARKLE,M.,C
895,GARCIA,ARA,X.,D
896,GARDNER,ASPEN,Y.,C
897,GARDNER,ELIN,T.,C
898,GARLAND,ALISTER,J.,B
899,GARNER,ANNE,H.,C
900,GARRETT,AYAZ,X.,B
901,GARRISON,DAKOTA,W.,D
902,GARY,AMAAN,U.,C
903,GARY,CHERYL,Z.,C
904,GARZA,ELLIE-MAE,J.,D
905,GASTON,AILEE,A.,D
906,GATES,AMIE,B.,C
907,GATES,CAELYN,G.,D
908,GATES,CURTIS,C.,B
909,GAY,DAYNA,Q.,C
910,GEE,ABBIE,D.,C
911,GEE,AILEY,E.,A
912,GEIGER,EMELIA,J.,A
913,GENTRY,EMMIE,F.,B
914,GEORGE,HARLOW,W.,D
915,GIBBONS,CALLIN,G.,B
916,GIBBS,CHRISTINA,H.,A
917,GIBSON,BEATRICE,I.,D
918,GIBSON,DARREN,J.,A
919,GIFFORD,ABEL,K.,B
920,GIFFORD,ASHLEY,J.,C
921,GIL,ATHENA,L.,A
922,GILBERT,ADEJINMI,J.,C
923,GILBERT,ANSON,J.,D
924,GILBERT,BARAN,M.,A
925,GILES,CAELEB,N.,B
926,GILL,CONLAN,O.,B
927,GILLESPIE,AVERY,B.,B
928,GILLIAM,CARLI,P.,C
929,GILLIS,COHEN,F.,A
930,GILMORE,ANTONI,Q.,C
931,GILMORE,DAYNA,R.,A
932,GIPSON,BECKY,S.,D
933,GIPSON,CIERAN,T.,D
934,GIVENS,AKIB,U.,D
935,GIVENS,AMNA,U.,C
936,GIVENS,AOIBHEANN,U.,C
937,GIVENS,ASHRAF,J.,B
938,GIVENS,COOPER,V.,C
939,GLASS,AHMED,W.,D
940,GLASS,AIDI,X.,D
941,GLEASON,ELISABETH,Y.,A
942,GLENN,ALAND,K.,A
943,GLOVER,CARLIE,J.,A
944,GODFREY,AARRON,J.,A
945,GODFREY,AILEE,E.,C
946,GODINEZ,AIDAN-SCOTT,J.,A
947,GODINEZ,FIONNLAGH,J.,D
948,GODWIN,ATHANASIOS,Z.,B
949,GODWIN,CADEN,G.,C
950,GODWIN,GWEN,A.,C
951,GOFF,DILLON,B.,B
952,GOINS,AKSHAR,J.,A
953,GOLD,ARIZ,J.,A
954,GOLDBERG,CARTER,C.,C
955,GOLDBERG,HARMONY,C.,B
956,GOLDEN,HANNAH,J.,B
957,GOLDMAN,ARIHAANT,Q.,C
958,GOLDSTEIN,ALASTAIR,D.,C
959,GOMES,CALEB,E.,C
960,GOMEZ,ANTHANY,F.,D
961,GOMEZ,CIERAN,G.,C
962,GONZALES,DEVYN,J.,B
963,GONZALEZ,ALIZA,H.,A
964,GOOD,AAMINAH,I.,D
965,GOOD,AMALIE,H.,D
966,GOODE,AMIR,H.,C
967,GOODMAN,AMIRAH,D.,A
968,GOODRICH,DAISY,J.,A
969,GOODWIN,GARETH,R.,D
970,GORDON,FRANCIS,J.,D
971,GORE,CINDY,V.,B
972,GORE,EVELYN,K.,C
973,GORMAN,ELLIOTT,L.,B
974,GOSS,ELLIE-MAY,J.,A
975,GOSS,ELSIE,J.,A
976,GOULD,BLAIKE,J.,C
977,GRACE,DEMI-LEIGH,J.,A
978,GRADY,DERRIN,J.,C
979,GRAHAM,BRADY,M.,B
980,GRANADOS,ANTONI,V.,C
981,GRANGER,AMY,N.,A
982,GRANT,HAFSAH,O.,B
983,GRAVES,BAYLY,P.,B
984,GRAY,ABDALKHALQ,J.,D
985,GRAY,AJMAIL,J.,B
986,GREEN,DAISI,Q.,C
987,GREENBERG,ABDULRHMAN,J.,A
988,GREENE,BAYLY,J.,B
989,GREENE,EMILY,J.,D
990,GREENE,HASAN,J.,A
991,GREENWOOD,CALAN,M.,D
992,GREER,AFFAN,R.,A
993,GREER,ARSALAN,J.,C
994,GREGG,AMY,O.,C
995,GREGG,ANJA,M.,A
996,GREGORY,CONAL,J.,D
997,GREGORY,ELAINE,Q.,B
998,GRIFFIN,AARRON,I.,A
999,GRIFFIN,ALIYAH,S.,C
1000,GRIFFIN,AMADOU,T.,C
1001,GRIFFIN,BAILLEY,J.,A
1002,GRIFFIN,BAYLEY,J.,D
1003,GRIFFIN,CAIDEN,U.,C
1004,GRIFFIN,CALLEN,V.,D
1005,GRIFFIN,CAYDEN,W.,C
1006,GRIFFIN,DEREK,X.,A
1007,GRIFFITH,ABDULA,Y.,D
1008,GRIFFITH,ALANS,Z.,D
1009,GRIFFITH,CAELYN,A.,B
1010,GRIGGS,AARRON,I.,D
1011,GRIGGS,CIERAN,Z.,B
1012,GRIGGS,DAVIE,B.,C
1013,GRIMES,ALANS,J.,A
1014,GRIMM,CARL,T.,C
1015,GROSS,BRADYN,C.,C
1016,GROVE,CATE,D.,B
1017,GROVER,CHEYENNE,E.,C
1018,GROVES,ALYX,F.,C
1019,GUERRA,ANJAN,A.,A
1020,GUERRERO,BAYLY,G.,C
1021,GUEVARA,ADEDIMEJI,Q.,C
1022,GUIDRY,ANJAN,H.,D
1023,GUIDRY,ARLENE,H.,B
1024,GUIDRY,ASPEN,Z.,B
1025,GUIDRY,EVE,J.,A
1027,GUNN,FRAZER,G.,D
1028,GUNTER,AISHA,I.,B
1029,GUPTA,CALAN,J.,A
1030,GUPTA,COEN,D.,A
1031,GUSTAFSON,A-JAY,J.,A
1032,GUTHRIE,BRYDEN,J.,C
1033,GUTIERREZ,EMMIE,C.,C
1034,GUY,EVIE,K.,A
1035,GUZMAN,BARDIA,G.,B
1036,HA,CIAN,I.,B
1037,HA,ELISABETH,W.,C
1038,HAAS,DARACH,L.,D
1039,HACKETT,ABEDRAOUF,M.,C
1040,HADLEY,BAYLY,J.,B
1041,HAGAN,ASHLEE,J.,C
1042,HAGEN,EACHANN,J.,C
1043,HAGER,ELLE,J.,C
1044,HAGER,FINLEY,J.,D
1045,HAHN,GAVIN,J.,D
1046,HAIL,CHANELLE,J.,B
1047,HAINES,ADNAN,N.,C
1048,HAINES,AYVA,J.,D
1049,HALE,ADA,O.,A
1050,HALE,ANNE,P.,D
1051,HALEY,ALYSHA,Q.,B
1052,HALEY,AYUSH,Q.,D
1053,HALL,CHIAMAKA,J.,A
1054,HAMILTON,BLAIRE,R.,B
1055,HAMILTON,CAYDEN,Q.,B
1056,HAMM,FARIS,J.,A
1057,HAMMER,HARLIE,S.,C
1058,HAMMOND,ARTHOR,J.,D
1059,HAMPTON,ELVIS,T.,A
1060,HAN,ELISABETH,K.,A
1061,HAN,GARETH,K.,C
1062,HANCOCK,AZHAR,J.,A
1063,HAND,DREW,U.,B
1064,HAND,ELLIOTT,C.,D
1065,HANEY,EVELYN,V.,B
1066,HANKINS,ELLY,W.,B
1067,HANLEY,ESME,J.,B
1068,HANNA,AARRON,J.,A
1069,HANNAH,AILA,J.,C
1070,HANNAH,ELVIS,X.,B
1071,HANNAH,GRACIE,J.,C
1072,HANNAH,GRAYSON,J.,A
1073,HANSEN,ELEANOR,Y.,C
1074,HANSON,BRODIE,J.,B
1075,HARDEN,ABHIRAM,S.,B
1076,HARDIN,COBEY,I.,C
1077,HARDING,EVELYN,J.,A
1078,HARDY,AMARA,Z.,A
1079,HARDY,CALAN,M.,B
1080,HARGROVE,ALEXANDER,B.,B
1081,HARMON,ELIANA,F.,B
1082,HARPER,AYMEN,J.,D
1083,HARRELL,HAROLD,A.,D
1084,HARRINGTON,CASSIE,B.,D
1085,HARRIS,ADEEB,J.,B
1086,HARRIS,ADETAYO,C.,D
1087,HARRIS,AIZA,D.,C
1088,HARRIS,ANDREEA,E.,D
1089,HARRIS,ELSPETH,F.,D
1090,HARRIS,HARRIET,G.,D
1091,HARRISON,AREEN,H.,A
1092,HARRISON,DECLAN,J.,C
1093,HART,EFFIE,J.,C
1094,HART,FLETCHER,J.,B
1095,HARTLEY,ABHIRAM,J.,B
1096,HARTLEY,ADA,I.,B
1097,HARTLEY,AFFAN,J.,B
1098,HARTLEY,AKSHAR,K.,B
1099,HARTLEY,ALEKSANDR,L.,B
1100,HARTLEY,AMADOU,M.,B
1101,HARTLEY,ANDY,J.,D
1102,HARTLEY,ANJA,N.,A
1103,HARTLEY,ANJAN,I.,A
1104,HARTLEY,ANTON,O.,C
1105,HARTLEY,ARDEN,P.,B
1106,HARTLEY,ARYA,Q.,B
1107,HARTLEY,AYOMIYATO,R.,A
1108,HARTLEY,AZAN,S.,B
1109,HARTLEY,BAILEY,J.,A
1110,HARTLEY,BAYLY,T.,B
1111,HARTLEY,BEATRICE,U.,D
1112,HARTLEY,BOBBY,V.,C
1113,HARTLEY,BRIDGET,W.,A
1114,HARTLEY,CALLEIGH,J.,D
1115,HARTLEY,CATHAL,X.,D
1116,HARTLEY,CAYLA,Y.,C
1117,HARTLEY,CLARA,Z.,D
1118,HARTLEY,CORIN,J.,A
1119,HARTLEY,EMANUEL,A.,D
1120,HARTLEY,EMILIO,J.,C
1121,HARTLEY,FAYTHE,J.,A
1122,HARTLEY,FINDLAY,J.,A
1123,HARTLEY,HANA,J.,C
1124,HARTLEY,HARLIE,B.,C
1125,HARTMAN,ANGELINA,Q.,B
1126,HARTMAN,ANTHONY,Z.,A
1127,HARVEY,FREDERIC,C.,C
1128,HASSAN,ELLIE-LOUISE,J.,C
1129,HASTINGS,CIERAN,Y.,B
1130,HASTINGS,DANIELS,F.,C
1131,HASTINGS,ELISABETH,W.,B
1132,HATCH,ABDUSALAM,T.,C
1133,HATCHER,ARCHIE,D.,C
1134,HATFIELD,COEN,E.,A
1135,HATHAWAY,CHESTER,F.,C
1136,HAWKINS,COBEY,G.,C
1137,HAWLEY,ALEXANDER,H.,A
1138,HAY,AMIRAH,I.,C
1139,HAY,AMIRAH,J.,C
1140,HAY,ANGEL,J.,D
1141,HAY,AYLEIGH,K.,A
1142,HAY,EMANUEL,L.,D
1143,HAYDEN,EDITH,J.,C
1144,HAYES,CHARLIE,J.,D
1145,HAYNES,ARIAN,M.,B
1146,HAYS,ALEXA,Y.,B
1147,HAYS,AMBER,N.,B
1148,HAYWOOD,ATIF,O.,A
1149,HEAD,ALEKSEJS,Q.,A
1150,HEALY,BRUNO,P.,A
1151,HEALY,ELLIOT,Q.,B
1152,HEARD,ENZO,J.,C
1153,HEATH,AONGHAS,R.,B
1154,HEBERT,BAYLY,Q.,A
1155,HEBERT,EVELYN,I.,B
1156,HEDRICK,ETHAN,J.,D
1157,HEDRICK,FABIAN,J.,A
1158,HELLER,BRAYDON,J.,C
1159,HELMS,ANTONINA,E.,B
1160,HELTON,AYDA,S.,A
1161,HENDERSON,AUSTIN,Y.,C
1162,HENDRICKS,CALAN,D.,A
1163,HENDRICKSON,DAKOTA,Y.,B
1164,HENDRIX,FIZA,J.,B
1165,HENLEY,EMILEE,I.,C
1166,HENRY,BARDIA,O.,C
1167,HENRY,BYRON,A.,C
1168,HENSLEY,CYRUS,T.,A
1169,HENSON,ALLISTER,U.,B
1170,HENSON,CALEIGH,A.,B
1171,HERBERT,BRYDON,V.,D
1172,HERMAN,BONNY,U.,B
1173,HERNANDEZ,ADEJINMI,A.,B
1174,HERNDON,ELLEN,W.,D
1175,HERRERA,ABI,U.,A
1176,HERRERA,ASHWIN,Y.,A
1177,HERRING,ARCHIE,X.,A
1178,HERRON,AMIRAH,J.,B
1179,HESS,CHRISTOPHER,Q.,B
1180,HESTER,GRAHAM,Y.,D
1181,HEWITT,CODY,E.,C
1182,HICKEY,ANIS,L.,C
1183,HICKMAN,BASIM,R.,B
1184,HICKMAN,BECKY,Z.,D
1185,HICKS,CONNELLY,I.,A
1186,HIDALGO,HAARIS,A.,C
1187,HIGGINS,ANTONI,B.,D
1188,HIGHTOWER,GABRIEL,C.,B
1189,HILL,ERNIE,J.,A
1190,HILLIARD,HAIDER,D.,A
1191,HILTON,AHMAD,Q.,B
1192,HINES,GORDON,G.,D
1193,HINKLE,CHEYENNE,D.,B
1194,HINKLE,CHLOE,C.,B
1195,HINOJOSA,ANEURIN,E.,D
1196,HINSON,CECILIA,J.,D
1197,HINTON,AMY,F.,D
1198,HO,BOYD,G.,C
1199,HO,COEN,S.,C
1200,HOANG,AKIM,H.,C
1201,HOBBS,ALWYN,J.,A
1202,HODGE,ABDALKHALQ,J.,B
1203,HODGES,AELA,Q.,B
1204,HOFFMAN,AARRAN,J.,D
1205,HOFFMAN,CHELSEA,J.,C
1206,HOFFMAN,EMY,J.,B
1207,HOFFMAN,ERIN,J.,D
1208,HOFFMAN,GHULAM,Z.,A
1209,HOGAN,AREEB,I.,D
1210,HOLBROOK,BARDIA,Y.,C
1211,HOLCOMB,CARLI,R.,A
1212,HOLDEN,ARVIN,J.,D
1213,HOLDER,DAYNA,J.,A
1214,HOLDER,DAYNE,W.,B
1215,HOLLAND,ABRAHAM,K.,D
1216,HOLLAND,ADA,L.,C
1217,HOLLEY,ARKLE,F.,A
1218,HOLLIDAY,BRADAN,I.,D
1219,HOLLIDAY,COEN,Z.,A
1220,HOLLINGSWORTH,ARSALAN,Q.,B
1221,HOLLINGSWORTH,EMANUEL,V.,C
1222,HOLLIS,ALAN-JOHN,M.,B
1223,HOLLIS,GABRIELIUS,N.,D
1224,HOLLOWAY,AKSHAR,J.,A
1225,HOLMAN,ABDULHAQ,O.,D
1226,HOLMAN,GRAEME,J.,B
1227,HOLMES,ELISABETH,Y.,D
1228,HOLT,CAYDEN,I.,D
1229,HONG,ANNE,P.,A
1230,HOOD,ARSALAN,I.,B
1231,HOOPER,ADITYA,G.,B
1232,HOOVER,ELISABETH,R.,C
1233,HOPE,AERON,Q.,D
1234,HOPE,AFFAN,R.,D
1235,HOPKINS,AMALIA,I.,A
1236,HOPPER,CODY-JAMES,S.,A
1237,HOPPER,DANNY,B.,C
1238,HORN,ALEXANDER-JAMES,T.,B
1239,HORN,EMILIS,U.,D
1240,HORNE,EMAN,V.,B
1241,HORNER,ABBAD,V.,A
1242,HORTON,ANNIE,K.,D
1243,HOSKINS,ANTEK,Q.,B
1244,HOUSE,ABIGAIL,C.,B
1245,HOUSER,FARYAL,Q.,C
1246,HOUSTON,ALI,W.,B
1247,HOWARD,AARRON,X.,C
1248,HOWARD,AARRON,S.,D
1249,HOWARD,AITHAN,Y.,A
1250,HOWARD,ALANS,N.,A
1251,HOWARD,ALEXANDER-JAMES,Z.,D
1252,HOWARD,ALYX,A.,D
1253,HOWARD,AMIRAH,B.,D
1254,HOWARD,ANTONI,C.,D
1255,HOWARD,ANTONIA,D.,A
1256,HOWARD,ARKLE,E.,A
1257,HOWARD,ASHLEY,F.,A
1258,HOWARD,ASLAN,J.,D
1259,HOWARD,ATILA,J.,D
1260,HOWARD,AYA,G.,D
1261,HOWARD,AZIZ,H.,A
1262,HOWARD,BEATRICE,J.,A
1263,HOWARD,BEATRICE,I.,D
1264,HOWARD,BONNI,Z.,B
1265,HOWARD,CONNAL,J.,C
1266,HOWARD,CRAWFORD,K.,B
1267,HOWARD,DINO,L.,D
1268,HOWARD,HAMID,J.,B
1269,HOWARD,HAMZA,M.,D
1270,HOWARD,HANIYA,I.,C
1271,HOWE,BENICIO,N.,B
1272,HOWELL,AUDREY,O.,D
1273,HOYT,ANNELIESE,S.,A
1274,HU,AFFAN,P.,A
1275,HUANG,COEN,V.,C
1276,HUBBARD,DAX,J.,D
1277,HUBER,ANNABELL,Q.,C
1278,HUDSON,BENICIO,U.,A
1279,HUERTA,ALEXANDER-JAMES,E.,D
1280,HUERTA,AMADOU,R.,A
1281,HUERTA,DANIELS,R.,B
1282,HUERTA,DAWID,J.,C
1283,HUFF,BARDIA,Q.,D
1284,HUFF,CALVIN,S.,D
1285,HUFFMAN,ANNE,C.,B
1286,HUFFMAN,AVA-LOUISE,T.,A
1287,HUFFMAN,DANNII,U.,A
1288,HUGGINS,AUTUMN,J.,D
1289,HUGGINS,BADEN,V.,A
1290,HUGHES,DARA,P.,A
1291,HULL,BETH,J.,C
1292,HULL,BRETT,J.,C
1293,HUMPHREY,ANJA,J.,C
1294,HUMPHREY,BARDIA,W.,C
1295,HUMPHRIES,BROOKLYN,L.,B
1296,HUNT,BAILLIE,X.,B
1297,HUNTER,BAYLY,Y.,B
1298,HURD,AMEERA,B.,D
1299,HURLEY,AALIA,J.,D
1300,HURST,GARETH,T.,D
1301,HURT,EMMA,J.,D
1302,HURT,EVELYN,Z.,A
1303,HURTADO,ADEOLU,J.,C
1304,HURTADO,ANTONI,J.,B
1305,HURTADO,AQIL,J.,D
1306,HURTADO,CARLY,J.,D
1307,HUTCHINS,CORBYN,M.,A
1308,HUTCHINS,DINO,A.,A
1309,HUTCHINSON,ADEOLU,B.,A
1310,HUTCHINSON,AUDREY,B.,A
1311,HUTCHISON,ADEDIMEJI,I.,B
1312,HUTCHISON,FRAZER,C.,B
1313,HUTTON,CAMRYN,K.,A
1314,HUTTON,CHELSIE,F.,A
1315,HUYNH,BASIM,Y.,D
1316,HWANG,BASIM,D.,B
1317,HYATT,COINNEACH,J.,B
1318,HYATT,HAJRA,J.,C
1319,HYATT,HANEEN,J.,B
1320,HYATT,HAYLEIGH,J.,C
1321,HYDE,ARGYLL,E.,A
1322,IBARRA,ALEX,F.,C
1323,IBARRA,BRODEN,J.,A
1324,INGRAM,ARSALAN,G.,B
1325,INMAN,CORY,I.,B
1326,IRVIN,CLARK,H.,D
1327,IRWIN,ALIX,P.,D
1328,IRWIN,AMIRAH,J.,C
1329,IRWIN,ELLIOTT,I.,C
1330,ISAAC,ALLISON,J.,A
1331,ISAAC,ANNE,J.,B
1332,ISAAC,FRAZER,J.,C
1333,IVEY,AULEY,D.,A
1334,JACKSON,COBEY,J.,B
1335,JACOB,ADEDIMEJI,N.,B
1336,JACOB,DAYNA,Q.,A
1337,JACOBS,COINNEACH,H.,D
1338,JACOBSEN,ABBEY,I.,C
1339,JACOBSEN,DENHOLM,K.,B
1340,JACOBSON,ANNE,Q.,C
1341,JACOBSON,AZARIA,L.,A
1342,JACOBSON,BERNARD,J.,A
1343,JAIMES,DEMI-LEE,M.,A
1344,JAMES,CHARLES,N.,D
1345,JAMISON,BRODEN,O.,A
1346,JARAMILLO,ABIGAIL,Q.,B
1347,JARAMILLO,AMITY,P.,D
1348,JARRETT,AGHILAS,Q.,A
1349,JARRETT,BILLI,R.,B
1350,JARRETT,FATIMA,S.,A
1351,JARVIS,DIONNE,T.,D
1352,JEAN,EADIE,U.,C
1353,JEFFERSON,ABDALKHALQ,J.,B
1354,JEFFRIES,BARNABY,J.,A
1355,JEFFRIES,CHRYSTAL,I.,A
1356,JENKINS,CHERYL-ANN,V.,D
1357,JENNINGS,ASIA,U.,A
1358,JENSEN,DANNII,F.,C
1359,JEWELL,ELLA-ROSE,J.,A
1360,JEWELL,ELYSE,J.,B
1361,JIANG,ARSAL,J.,D
1362,JIMENEZ,BRADAN,Q.,A
1363,JOHN,CARRICK,J.,D
1364,JOHNS,CASEY,W.,B
1365,JOHNSON,CHANEL,J.,D
1366,JOHNSTON,ADRIAN-LEE,J.,D
1367,JONES,ABDUL-KARIM,J.,D
1368,JONES,ALEKSANDR,N.,B
1369,JONES,GARETH,X.,C
1370,JONES,GARY,J.,A
1371,JONES,GINO,J.,D
1372,JORDAN,AIMIE,J.,B
1373,JORDAN,FABIA,F.,C
1374,JORGENSEN,CODEN,Y.,D
1375,JOSEPH,ANJAN,A.,B
1376,JOSEPH,AUTUMN,B.,D
1377,JOYCE,CARLI,Z.,D
1378,JOYNER,BRENDAN,A.,B
1379,JUAREZ,AIZAH,J.,A
1380,JUAREZ,ANA,J.,A
1381,JUDD,CHARLIE,J.,C
1382,JUNG,ELLANA,N.,C
1383,JUSTICE,ARABELLA,B.,A
1384,KAISER,DARCY,C.,B
1385,KAISER,ERIKA,D.,D
1386,KANE,BILLI,D.,C
1387,KANG,ALEXIA,E.,B
1388,KAPLAN,BRYN,F.,B
1389,KATZ,BRODEN,J.,B
1390,KAUFFMAN,ABI,G.,C
1391,KAUFMAN,BABATUNDE,H.,A
1392,KAUFMAN,CHRIS,H.,C
1393,KAUR,DEMI,U.,D
1394,KAY,ADEJINMI,I.,A
1395,KEARNEY,DALE,B.,B
1396,KEEN,AUDREY,I.,A
1397,KEENAN,AGHILAS,J.,C
1398,KEENAN,COLBY,T.,A
1399,KEENE,AMRIT,X.,C
1400,KEENE,CASEY-LEIGH,K.,D
1401,KEENE,DINO,H.,A
1402,KEENE,FRAZER,W.,C
1403,KEITH,AMIRAH,M.,D
1404,KEITH,AUOB,J.,C
1405,KEITH,AYOUB,L.,D
1406,KEITH,COURTNEY,J.,A
1407,KEITH,HALEEMA,J.,D
1408,KELLER,ARIN,M.,A
1409,KELLER,BIYRON,N.,B
1410,KELLEY,ALEKSANDR,O.,D
1411,KELLEY,CODEY,P.,D
1412,KELLY,CALUM,Q.,C
1413,KEMP,AKSHAR,H.,B
1414,KEMP,EDWARD,R.,B
1415,KENDALL,ABDULL,F.,B
1416,KENDRICK,EVAN,J.,D
1417,KENNEDY,ARTHUR,J.,A
1418,KENNEY,GILLIAN,J.,A
1419,KENT,HAIDER,S.,A
1420,KERN,EWAN,H.,A
1421,KERR,BAYLY,T.,D
1422,KERR,CAILEN,I.,A
1423,KESSLER,AARRON,U.,B
1424,KEY,CHRYSTAL,I.,A
1425,KEYES,EMILIO,V.,A
1426,KEYS,ABDULA,W.,D
1427,KEYS,AKIRA,W.,C
1428,KEYS,DAMION,I.,C
1429,KEYS,HAIDER,V.,C
1430,KHAN,ALECIA,I.,D
1431,KHAN,ARGYLL,I.,A
1432,KHAN,BIXUAN,V.,C
1433,KIDD,AYAZ,S.,D
1434,KILGORE,BRIAN,I.,B
1435,KIM,ALWALEED,Y.,B
1436,KIMBALL,CATHAL,Q.,D
1437,KIMBALL,DAYNA,W.,B
1438,KIMBLE,ABDULA,E.,C
1439,KINCAID,ALISTAIR,X.,D
1440,KING,AUTUMN,B.,A
1441,KING,COEN,F.,C
1442,KINNEY,AARRON,K.,D
1443,KIRBY,CURTIS,Y.,B
1444,KIRK,BRODY,Q.,C
1445,KIRK,ELISABETH,W.,C
1446,KIRKLAND,EMMIE,I.,D
1447,KIRKPATRICK,BOYD,M.,B
1448,KISER,AMANJEET,W.,C
1449,KLEIN,CLAIRE,N.,D
1450,KLEIN,ELLIOTT,L.,A
1451,KLINE,AMAAN,Z.,C
1452,KNAPP,CAIRN,A.,B
1453,KNIGHT,BEAU,B.,C
1454,KNIGHT,CAYDEN,D.,C
1455,KNOWLES,CLARK,G.,B
1456,KNOX,HAIDER,N.,C
1457,KOCH,AODHAN,C.,A
1458,KOCH,CLEMENTINE,Q.,B
1459,KOEHLER,AVIRAL,R.,C
1460,KOENIG,AUTUMN,D.,C
1461,KOWALSKI,ALEKSANDR,X.,A
1462,KOWALSKI,ALISA,I.,A
1463,KRAFT,ANGELINA,V.,A
1464,KRAMER,DANNII,S.,A
1465,KRAUS,AMIRAH,E.,D
1466,KRAUS,CIERAN,F.,D
1467,KRAUSE,ABDUALLAH,J.,B
1468,KRUEGER,AIZAH,F.,C
1469,KRUEGER,BRYCE,G.,B
1470,KRUEGER,EMME,H.,D
1471,KRUSE,DANIELS,J.,C
1472,KUHN,GORDON,Q.,B
1473,KUMAR,AURORA,J.,B
1474,KURTZ,BRODEN,J.,C
1475,KYLE,CARYS,I.,D
1476,LACEY,AILIE,D.,D
1477,LACKEY,AMITY,I.,C
1478,LACKEY,ELLIOTT,Q.,B
1479,LACY,GARETH,J.,B
1480,LACY,GREIG,K.,D
1481,LAI,AIRLIE,L.,C
1482,LAI,BALJEET,P.,A
1483,LAI,CARLEY,M.,A
1484,LAIRD,ADESWARA,J.,A
1485,LAIRD,BRENNAN,J.,B
1486,LAKE,AUTUMN,N.,A
1487,LAKE,CODY-JAMES,O.,D
1488,LAM,ABDUL-REHMAN,K.,C
1489,LAM,CHUKWUBUIKEM,Y.,A
1490,LAMB,AUDREY,J.,A
1491,LAMBERT,COHAN,P.,B
1492,LANCASTER,BONNIE,I.,D
1493,LAND,COEN,Q.,C
1494,LANDERS,DANIELS,M.,C
1495,LANDIS,ANTHANY,J.,C
1496,LANDRY,AYDAN,J.,A
1497,LANE,CLAIRE,R.,B
1498,LANG,ANTONIO,S.,C
1499,LANGE,COEN,Q.,A
1500,LANGFORD,ABHIRAM,A.,A
1501,LANGFORD,ALAND,T.,A
1502,LANGFORD,ALEKSANDR,B.,D
1503,LANGFORD,ALEXANDREAU-LE-PRINCE,U.,A
1504,LANGFORD,AODHAN,Q.,A
1505,LANGFORD,CAYLIN,I.,C
1506,LANGLEY,ANNELIESE,I.,B
1507,LANGSTON,DARAGH,J.,A
1508,LANIER,ARGYLL,V.,A
1509,LARA,CAYDEN,V.,D
1510,LARKIN,AOIFE,J.,C
1511,LARSEN,DANIELS,D.,A
1512,LARSON,DEACON,W.,C
1513,LATHAM,ABDULKARIM,X.,A
1514,LATHAM,BAILIE,A.,D
1515,LATHAM,ETIENNE,E.,B
1516,LAU,ELIORA,J.,B
1517,LAU,HARLEIGH,J.,B
1518,LAW,FINLAY,J.,B
1519,LAWRENCE,FREYJA,E.,C
1520,LAWSON,CONSTANCE,J.,D
1521,LAY,BETHAN,Y.,D
1522,LAYTON,DEON,J.,C
1523,LE,FILIP,Z.,A
1524,LEACH,ALEX,A.,D
1525,LEAL,ELIZABETH,B.,C
1526,LEBLANC,ALANNA,F.,D
1527,LEBLANC,EDGAR,C.,B
1528,LEDBETTER,AMIN,D.,D
1529,LEDESMA,AFFAN,R.,B
1530,LEDFORD,AYAZ,R.,C
1531,LEE,AVA-MAE,D.,C
1532,LEHMAN,ADRYELL,L.,A
1533,LEMUS,AICHA,E.,C
1534,LEON,ABDUL,F.,D
1535,LEONARD,CAELIN,G.,D
1536,LEONARD,CIERAN,O.,D
1537,LESLIE,ALASDHAIR,I.,A
1538,LESLIE,ARMAAN,Y.,C
1539,LESTER,ABDERRAHMANE,J.,B
1540,LESTER,ABDUR,B.,C
1541,LESTER,AELA,J.,C
1542,LEUNG,DENNIS,S.,B
1543,LEVIN,ALISTAIR,R.,D
1544,LEVIN,ELIOTT,H.,A
1545,LEVINE,AFTON,I.,C
1546,LEVY,AMMAR,J.,A
1547,LEWIS,ALISDAIR,Q.,C
1548,LEWIS,ALIXANDER,I.,D
1549,LEYVA,BASIM,J.,C
1550,LEYVA,BEINN,J.,A
1551,LI,EMMIE,S.,B
1552,LIANG,HAYDEN,M.,C
1553,LILLY,AVA-LOUISE,J.,B
1554,LIM,ARKLE,I.,A
1555,LIMA,CONRAD,J.,A
1556,LIN,CIERAN,U.,B
1557,LINARES,ARBAAZ,K.,B
1558,LINDSAY,ANAMOL,H.,A
1559,LINDSAY,ANJA,L.,B
1560,LINDSAY,EVELYN,L.,D
1561,LINDSEY,COBEY,M.,D
1562,LINK,ABBEY,A.,D
1563,LITTLE,BASIM,D.,A
1564,LITTLE,CALAN,J.,C
1565,LITTLE,DINO,N.,B
1566,LIU,AMAAR,Q.,B
1567,LIVINGSTON,ABEL,R.,C
1568,LLOYD,AIDA,J.,D
1569,LLOYD,EBEN,J.,D
1570,LO,ANGELINA,Y.,D
1571,LOCKE,AMIRAH,J.,A
1572,LOCKE,HARLOW,S.,D
1573,LOCKHART,EVANGELINE,J.,D
1574,LOCKLEAR,HALLE,J.,B
1575,LOCKWOOD,GABRIELLE,J.,A
1576,LOGAN,EOGHAN,J.,D
1577,LONG,AMI,T.,B
1578,LONGORIA,AHMID,D.,C
1579,LOPES,ARSHIA,O.,A
1580,LOPEZ,ARYAN,P.,A
1581,LORD,BLAIR,J.,A
1582,LORD,DYLAN,J.,C
1583,LORENZO,FAIZAN,J.,A
1584,LOTT,AVA-LOUISE,X.,B
1585,LOUIS,AYAZ,Q.,A
1586,LOVE,ASHLYN,J.,C
1587,LOVE,BROOKLYN,F.,D
1588,LOVELL,CASSIE,R.,A
1589,LOVELL,HAILEY,S.,B
1590,LOVETT,COOPER,J.,B
1591,LOWE,ASTRID,J.,B
1592,LOWERY,CALEY,H.,B
1593,LOWRY,ELLIE-ROSE,T.,A
1594,LOWRY,GREGOR,Z.,A
1595,LOZANO,FINN,R.,D
1596,LOZANO,HANNA,K.,C
1597,LU,CAMERON,R.,C
1598,LU,EMILIE,D.,D
1599,LUCAS,ADRIANNA,J.,C
1600,LUCERO,ESMEE,U.,C
1601,LUDWIG,ANDERS,V.,D
1602,LUGO,CAITLIN,J.,C
1603,LUJAN,AMIRAH,O.,B
1604,LUKE,ANDREI,M.,A
1605,LUNA,CLARK,W.,B
1606,LUNA,FLETCHER,X.,C
1607,LUND,ALEXANDRA,I.,D
1608,LUND,CAYDEN,Q.,C
1609,LUTZ,AMBER,Y.,C
1610,LY,ARRON,Z.,A
1611,LYNCH,AMANJEET,O.,C
1612,LYNCH,BAYLY,A.,C
1613,LYNCH,EMILIO,Y.,C
1614,LYNN,BEATRICE,B.,A
1615,LYNN,DILLAN,C.,B
1616,LYNN,DINO,G.,A
1617,LYON,BRANDON,L.,B
1618,LYONS,ALESSIA,B.,C
1619,MA,ALLISTER,D.,B
1620,MA,ARNOLD,I.,D
1621,MACDONALD,ALISHIA,J.,D
1622,MACHADO,AIMEE-LOUISE,E.,B
1623,MACIAS,BLYTHE,F.,A
1624,MACK,ELA,J.,D
1625,MACKEY,DANNII,G.,C
1626,MACKEY,HAIDER,H.,B
1627,MADDEN,HAIDER,B.,D
1628,MADDOX,CHIAMAKA,T.,C
1629,MADISON,ADRYELL,I.,D
1630,MADRID,ASHER,J.,D
1631,MADRIGAL,EMAN,V.,D
1632,MADRIGAL,EMILIO,B.,A
1633,MAGANA,AMY,S.,B
1634,MAGEE,ARSALAN,J.,C
1635,MAHER,BERK,K.,C
1636,MAHONEY,BAYLY,J.,A
1637,MAJOR,DAYNA,Q.,B
1638,MALDONADO,ARSALAN,Q.,C
1639,MALLORY,AYDEN-JAMES,L.,C
1640,MALONE,ARIANNA,I.,C
1641,MALONE,BAYLY,R.,A
1642,MALONEY,AYAAN,M.,C
1643,MANLEY,ALES,V.,B
1644,MANLEY,ANJAN,L.,A
1645,MANLEY,CHUKWUBUIKEM,W.,A
1646,MANLEY,DARYL,I.,D
1647,MANN,BLUE,Q.,A
1648,MANNING,DENVER,Y.,C
1649,MANSFIELD,ALLISTER,Z.,A
1650,MANUEL,AMEERA,N.,B
1651,MARCUS,ANTONIO,T.,A
1652,MARCUS,FATHIMA,O.,D
1653,MARIN,AULAY,P.,C
1654,MARINO,ELIJAH,Q.,A
1655,MARKS,ANSHI,J.,B
1656,MARQUEZ,BILLY,E.,D
1657,MARRERO,BONNY,R.,B
1658,MARROQUIN,DARYL,I.,B
1659,MARSH,ASHTON,J.,B
1660,MARSHALL,AQEEL,S.,C
1661,MARSHALL,DANNII,T.,D
1662,MARTIN,AYAZ,S.,C
1663,MARTINEZ,ABDUALEEM,J.,A
1664,MARTINEZ,ASAD,U.,C
1665,MARTINEZ,ASIM,J.,D
1666,MARTINEZ,BARCLAY,J.,B
1667,MARTINEZ,COBEY,V.,A
1668,MARTINEZ,ELLY,W.,B
1669,MASON,CONNELL,J.,A
1670,MASSEY,FLORENCE,X.,A
1671,MASTERS,ELLY,Y.,C
1672,MATA,GRAY,Z.,C
1673,MATHEWS,CIERAN,V.,B
1674,MATHIS,CAYDEN,A.,A
1675,MATOS,BENICIO,B.,B
1676,MATTHEWS,EMILLIE,J.,A
1677,MATTHEWS,FREYA,J.,C
1678,MAURER,CONON,J.,D
1679,MAXWELL,ALIVIA,C.,C
1680,MAY,AYODEJI,D.,B
1681,MAYER,AAGAT,E.,A
1682,MAYES,FRANK,Q.,D
1683,MAYFIELD,AVA-LOUISE,F.,A
1684,MAYNARD,ABDUR-RAHIM,F.,B
1685,MAYO,ANSON,O.,A
1686,MAYS,ANIYAH,G.,C
1687,MCALLISTER,ABDUL-SAMAD,H.,A
1688,MCALLISTER,ALEJANDRO,I.,B
1689,MCBRIDE,CHRYSTAL,H.,C
1690,MCCABE,EMANUEL,J.,B
1691,MCCAIN,ARSAL,K.,C
1692,MCCALL,ALFIE-GEORGE,J.,D
1693,MCCANN,DEMILEE,L.,B
1694,MCCARTHY,AADIL,L.,D
1695,MCCARTHY,DAYNA,M.,D
1696,MCCARTY,ESHAAL,N.,A
1697,MCCAULEY,ANJA,Q.,A
1698,MCCAULEY,DOUGIE,O.,C
1699,MCCLAIN,ANTONY,I.,A
1700,MCCLELLAN,FATMA,P.,C
1701,MCCLENDON,GRAEME,Q.,A
1702,MCCLURE,ABDULA,F.,C
1703,MCCOLLUM,CAELYN,G.,B
1704,MCCONNELL,ARRIS,R.,D
1705,MCCORD,CHANTELLE,J.,B
1706,MCCORD,FINNLAY,J.,C
1707,MCCORMICK,EMILIA,J.,D
1708,MCCOY,DENIS,S.,C
1709,MCCRACKEN,COBEY,T.,C
1710,MCCRAY,ALAN,U.,C
1711,MCCULLOUGH,EKAM,D.,D
1712,MCDANIEL,ALENA,R.,C
1713,MCDANIEL,DANIELS,F.,A
1714,MCDERMOTT,ANUP,J.,C
1715,MCDONALD,AIDE,G.,A
1716,MCDONALD,DOUGLAS,V.,B
1717,MCDONOUGH,ABHIRAM,W.,D
1718,MCDONOUGH,AERON,C.,C
1719,MCDOWELL,ARRON,X.,B
1720,MCELROY,ANJA,J.,D
1721,MCFADDEN,ARHAAN,J.,D
1722,MCFARLAND,AIGHAN,Y.,C
1723,MCGEE,ABHIRAM,Z.,A
1724,MCGEE,AFFAN,A.,B
1725,MCGEE,ALEXIS,B.,C
1726,MCGEE,AYDEN,C.,A
1727,MCGEE,BAILIE,J.,D
1728,MCGEE,BENEDICT,J.,D
1729,MCGEE,BOYD,D.,D
1730,MCGEE,CALAN,E.,C
1731,MCGEE,CAYDEN,W.,A
1732,MCGEE,COEN,F.,D
1733,MCGEE,EAMONN,G.,D
1734,MCGEE,ELIAS,H.,C
1735,MCGEE,HANIA,J.,C
1736,MCGHEE,ANGELICA,R.,B
1737,MCGILL,ABIGAIL,I.,A
1738,MCGINNIS,ALLAN,J.,D
1739,MCGOWAN,DANE,J.,A
1740,MCGRATH,ABDULHAQ,C.,B
1741,MCGRAW,CAOIMHE,F.,D
1742,MCGUIRE,ERYN,T.,A
1743,MCHUGH,ADEL,I.,C
1744,MCHUGH,AILSA,J.,A
1745,MCHUGH,AKI,K.,A
1746,MCHUGH,ANDERSON,L.,B
1747,MCHUGH,ANDRE,M.,B
1748,MCHUGH,ANNE,U.,D
1749,MCHUGH,ARJAN,N.,B
1750,MCHUGH,AUTUMN,J.,C
1751,MCHUGH,AYLEE,O.,D
1752,MCHUGH,BLAIR,P.,A
1753,MCHUGH,CAELAN,B.,D
1754,MCHUGH,CHARLEY,Q.,B
1755,MCHUGH,CODIE,U.,A
1756,MCHUGH,COUPER,R.,C
1757,MCHUGH,DEACON,J.,D
1758,MCHUGH,DERREN,S.,A
1759,MCHUGH,DIEGO,T.,D
1760,MCHUGH,DOMINIC,Z.,B
1761,MCHUGH,DOMINIK,U.,B
1762,MCHUGH,EBEN,U.,D
1763,MCHUGH,EILIS,Z.,C
1764,MCHUGH,EIMEAR,L.,D
1765,MCHUGH,ELAYNA,L.,C
1766,MCHUGH,ELIZA,L.,A
1767,MCHUGH,EMMELINE,F.,A
1768,MCHUGH,ERICA,V.,C
1769,MCHUGH,ERRIN,W.,A
1770,MCINTOSH,CODY-JAMES,D.,D
1771,MCINTYRE,ARIANNA,X.,C
1772,MCKAY,CHANG,Y.,C
1773,MCKEE,HAIDER,Z.,D
1774,MCKENNA,AMANVEER,V.,A
1775,MCKENZIE,DIESEL,K.,C
1776,MCKINLEY,DUNCAN,I.,C
1777,MCKINNEY,CAROLINE,G.,B
1778,MCKNIGHT,AUTUMN,A.,C
1779,MCLAUGHLIN,ANNELIESE,H.,B
1780,MCLEAN,BEN,N.,D
1781,MCLEOD,CADENCE,B.,B
1782,MCMAHON,BADEN,C.,C
1783,MCMANUS,ALEXANDRE,M.,A
1784,MCMANUS,ANIKA,Q.,A
1785,MCMANUS,CODI,J.,B
1786,MCMANUS,GENEVIEVE,D.,B
1787,MCMILLAN,ADELE,E.,A
1788,MCMULLEN,ALI,P.,C
1789,MCNAMARA,FREDDY,F.,C
1790,MCNEAL,ABDUR-RAHIM,L.,C
1791,MCNEAL,AIDIAN,A.,C
1792,MCNEAL,BRONWYN,D.,B
1793,MCNEAL,FLYNN,G.,B
1794,MCNEIL,COBY,J.,C
1795,MCNEILL,ABHIRAM,H.,A
1796,MCNEILL,ANDRZEJ,I.,D
1797,MCNEILL,GEORGINA,J.,A
1798,MCPHERSON,ANIKET,J.,B
1799,MCQUEEN,BOYD,K.,D
1800,MCQUEEN,ELLY,D.,B
1801,MCRAE,ARSALAN,L.,C
1802,MCWILLIAMS,AYAZ,L.,A
1803,MEAD,AARRON,M.,D
1804,MEAD,AMY,N.,C
1805,MEADE,AIDE,O.,C
1806,MEADE,AMADOU,D.,A
1807,MEADOWS,CASPER,P.,A
1808,MEDEIROS,HAIDER,W.,D
1809,MEDINA,ALICIA,R.,B
1810,MEDRANO,FERGUS,Q.,D
1811,MEEKS,ADEJINMI,I.,C
1812,MEIER,BLAYNE,J.,D
1813,MEJIA,HALIMA,J.,D
1814,MELENDEZ,ADYN,R.,B
1815,MELENDEZ,ELISABETH,D.,C
1816,MELTON,ALEISHA,J.,A
1817,MELVIN,CLARK,J.,C
1818,MENA,DARRAGH,S.,C
1819,MENDEZ,ARCHIE-JAY,T.,D
1820,MENDOZA,AVAH,G.,D
1821,MERCADO,AKSHAR,I.,D
1822,MERCER,AIRIL,H.,D
1823,MEREDITH,GORDON,G.,B
1824,MERRILL,FRAZER,R.,B
1825,MERRITT,BECKY,Q.,D
1826,MESSER,DEIVIDAS,C.,A
1827,METCALF,AIDA,U.,A
1828,METZ,ANNABEL,J.,C
1829,METZ,CALDER,R.,C
1830,METZGER,CARRIE,R.,A
1831,MEYER,AARRON,A.,B
1832,MEYER,ATLANTA,V.,B
1833,MEYERS,CALI,W.,C
1834,MEZA,BASIM,X.,D
1835,MICHAEL,BARDIA,Y.,A
1836,MICHAELS,ANNE,Z.,C
1837,MICHEL,ARIANA,A.,B
1838,MIDDLETON,ARCHIE-JAY,Y.,B
1839,MILES,DESTINY,J.,C
1840,MILLER,CIERAN,J.,A
1841,MILLIGAN,AIDE,Q.,D
1842,MILLS,AYSHA,T.,D
1843,MILTON,EVA,J.,B
1844,MIMS,DALE,B.,A
1845,MINER,ANTHONY,I.,D
1846,MINER,COBEY,B.,C
1847,MINOR,BERNARD,W.,B
1848,MINOR,CHEYANNE,C.,C
1849,MIRANDA,CAOIMHE,I.,D
1850,MITCHELL,AUDREY,Q.,A
1851,MOBLEY,AYAZ,U.,A
1852,MOHAMED,GLEN,C.,C
1853,MOLINA,BRONAGH,D.,D
1854,MONDRAGON,DESTINEE,J.,B
1855,MONROE,ABBAS,J.,B
1856,MONTALVO,GIFT,J.,D
1857,MONTANO,ALPHONSUS,E.,B
1858,MONTANO,ANNIYAH,F.,A
1859,MONTANO,ARMAN,G.,B
1860,MONTES,ANNE,F.,C
1861,MONTES,BAILIE,H.,D
1862,MONTES,CHUKWUBUIKEM,R.,B
1863,MONTGOMERY,ELLIOTT,I.,A
1864,MONTOYA,ANABELLE,J.,D
1865,MOODY,ANGELINA,I.,C
1866,MOODY,ASPEN,J.,C
1867,MOON,DANIELS,Q.,A
1868,MOONEY,ANDRES,K.,C
1869,MOORE,BISON,V.,D
1870,MORA,ANTHONY-JUNIOR,L.,C
1871,MORALES,AMIR,Q.,C
1872,MORAN,ABDUL-NAFI,M.,C
1873,MORELAND,ASWIN,A.,B
1874,MORENO,AIVAH,J.,D
1875,MORGAN,ARCHIBALD,Q.,A
1876,MORGAN,ELISABETH,N.,D
1877,MORIN,DERIN,E.,C
1878,MORRIS,ELISABETH,S.,B
1879,MORRISON,ALEKSANDER,O.,D
1880,MORROW,ELLI,J.,B
1881,MORSE,AMELIA,H.,D
1882,MORTON,DANIELS,J.,A
1883,MOSER,FARRAH,J.,B
1884,MOSES,AILIS,J.,D
1885,MOSLEY,ANNE,J.,D
1886,MOSS,ARKLE,F.,C
1887,MOYA,FRED,P.,D
1888,MOYER,BRANDYN,Q.,D
1889,MUELLER,AURELIA,J.,B
1890,MUHAMMAD,DANA,J.,D
1891,MUHAMMAD,EMERSON,J.,C
1892,MULLEN,DANYL,J.,A
1893,MULLER,BREAGHA,J.,A
1894,MULLINS,GORDON,R.,D
1895,MUNIZ,BRODIE,J.,C
1896,MUNOZ,CARLO,W.,C
1897,MUNSON,DEVIN,S.,C
1898,MURDOCK,ARTA,J.,B
1899,MURILLO,DAMIEN,T.,C
1900,MURILLO,DARCI,T.,A
1901,MURPHY,HALLIE,J.,A
1902,MURRAY,ADHAM,J.,B
1903,MYERS,ABHIRAM,Y.,A
1904,MYERS,ANEES,W.,A
1905,NAJERA,ABDALKHALQ,U.,B
1906,NAJERA,BADEN,V.,D
1907,NAJERA,ELAINE,J.,C
1908,NAJERA,ESHAL,W.,B
1909,NAJERA,GRAEME,J.,D
1910,NANCE,ADRIANA,J.,D
1911,NANCE,ASHA,J.,B
1912,NAPIER,CERYS,X.,A
1913,NASH,ARGYLL,W.,B
1914,NASH,EMILIO,D.,B
1915,NAVA,AMANVEER,S.,B
1916,NAVARRETE,BAYLY,Y.,A
1917,NAVARRO,AMIRAH,R.,D
1918,NAVARRO,COLTON,Y.,B
1919,NEAL,CHAYA,Z.,B
1920,NEELY,DONOVAN,J.,D
1921,NEFF,GERRARD,J.,A
1922,NEGRON,COSMO,G.,B
1923,NELSON,FRANCESCA,J.,B
1924,NEWELL,AFFAN,L.,D
1925,NEWELL,AILEE,J.,C
1926,NEWELL,ALICIA,R.,D
1927,NEWELL,ANEES,N.,B
1928,NEWMAN,CODY-JAMES,I.,D
1929,NEWSOME,ANTONY,A.,C
1930,NEWTON,AARAV,J.,D
1931,NG,EMANUEL,H.,B
1932,NGO,ELISHA,A.,B
1933,NGUYEN,AMALIA,Q.,B
1934,NICHOLAS,EKAM,B.,D
1935,NICHOLS,DAYNA,Y.,A
1936,NICHOLSON,ALANNAH,I.,C
1937,NIELSEN,AYAZ,R.,A
1938,NIETO,AYESHA,J.,A
1939,NIETO,AYIBATONYE,C.,C
1940,NIETO,BREE,B.,A
1941,NIETO,EVA-GRACE,I.,A
1942,NIEVES,AMADOU,D.,A
1943,NIX,CATHAL,M.,D
1944,NIXON,DANNII,J.,A
1945,NOBLE,ABIOLA,J.,D
1946,NOEL,ALAINA,Q.,D
1947,NOEL,ALANNAH,I.,D
1948,NOLAN,BETHAN,I.,A
1949,NORMAN,CLAYTON,R.,A
1950,NORRIS,DEBBIE,F.,D
1951,NORTH,AARRON,Q.,C
1952,NORTH,CAROLINA,E.,C
1953,NORTON,BRODIE,F.,A
1954,NORTON,CALLAN,G.,D
1955,NORWOOD,ANIS,M.,B
1956,NOVAK,ABHIRAM,F.,C
1957,NOVAK,ALEXANDRE,A.,D
1958,NOWAK,BRENDAN,I.,D
1959,NUNEZ,CLARK,H.,B
1960,NUNEZ,ESHAN,V.,C
1961,OBRIEN,BILLI,G.,D
1962,OCAMPO,BAYLY,I.,B
1963,OCHOA,ADRYELL,J.,B
1964,OCHOA,ANDREA,K.,B
1965,OCHOA,BARCLAY,J.,B
1966,OCONNELL,AIRYN,L.,B
1967,OCONNOR,HASSAN,M.,A
1968,ODELL,ABBAD,W.,D
1969,ODELL,CAELYN,X.,C
1970,ODOM,AMEER,N.,D
1971,ODONNELL,COEN,J.,B
1972,OGDEN,ALEXA,R.,B
1973,OH,BECKY,Q.,A
1974,OH,CHELSEY,P.,D
1975,OHARA,ABE,O.,D
1976,OHARA,CAMILLE,I.,D
1977,OJEDA,AFFAN,D.,C
1978,OLEARY,ABHINAV,P.,A
1979,OLIVA,ALESHIA,Y.,C
1980,OLIVA,DAKOTA,F.,B
1981,OLIVARES,AMIRAH,J.,C
1982,OLIVAS,ARSALAN,I.,B
1983,OLIVEIRA,EMILIO,R.,C
1984,OLIVER,ANGELINA,K.,D
1985,OLSEN,ANNE,J.,C
1986,OLSON,ARIEN,Q.,B
1987,OLVERA,ELAINE,J.,C
1988,OMALLEY,ALEKSANDR,J.,C
1989,ONEAL,AZAAN,J.,D
1990,ONEIL,AMY,R.,B
1991,ONEIL,DOUGIE,F.,D
1992,ONEILL,AILEE,R.,C
1993,ORDONEZ,ARCHIE,S.,D
1994,ORELLANA,BAY,T.,D
1995,ORNELAS,CAYDEN,I.,A
1996,ORNELAS,COEN,X.,D
1997,OROZCO,DANIELLE,U.,C
1998,ORR,CHERRY,J.,D
1999,ORTEGA,CHUKWUBUIKEM,W.,D
2000,ORTEGA,FRANK,D.,D
2001,ORTIZ,AARRON,D.,C
2002,ORTIZ,AMANVEER,R.,B
2003,ORTIZ,EVIE,J.,C
2004,OSBORN,CIERAN,J.,A
2005,OSBORNE,ANTONI,T.,A
2006,OSBORNE,CAOIMHE,H.,C
2007,OSORIO,ABI,I.,D
2008,OTERO,CULLEN,J.,D
2009,OTT,AJ,V.,D
2010,OTTO,ALEAH,W.,C
2011,OVERTON,HALLEY,J.,D
2012,OWEN,AADYN,X.,B
2013,OWEN,DINO,T.,C
2014,OWENS,DINO,Q.,A
2015,PACE,AVEER,J.,C
2016,PACHECO,AADYN,V.,C
2017,PACK,DECLYN,V.,A
2018,PADGETT,ELISABETH,F.,C
2019,PADILLA,ARCHIE-JAY,J.,B
2020,PADILLA,BAILLIE,J.,B
2021,PAGAN,AETHAN,J.,B
2022,PAGE,CONNIE,E.,C
2023,PAIGE,CHRYSTAL,L.,B
2024,PAINTER,AIZAH,J.,C
2025,PALACIOS,ERNEST,J.,D
2026,PALMA,ELLA,Y.,B
2027,PALMER,ALIYAN,J.,C
2028,PAREDES,DANIELS,N.,C
2029,PAREDES,ELISABETH,R.,C
2030,PARIS,HAYDN,Z.,A
2031,PARK,ABI,J.,B
2032,PARKER,ABEL,F.,C
2033,PARKS,DANNII,E.,D
2034,PARRA,CALE,Q.,D
2035,PARRA,ELISABETH,U.,B
2036,PARRISH,ALBA,J.,C
2037,PARSONS,CATHERINE,A.,A
2038,PATE,AKSHAR,R.,D
2039,PATE,AUDREY,M.,A
2040,PATEL,CIERAN,B.,B
2041,PATINO,ANEES,B.,B
2042,PATRICK,ARKLE,J.,B
2043,PATRICK,ELLY,C.,C
2044,PATTERSON,ANNE,A.,A
2045,PATTON,ALPHONSUS,H.,A
2046,PAUL,AIDE,Y.,A
2047,PAUL,EKAM,D.,D
2048,PAULSON,BARDIA,E.,B
2049,PAYNE,ANNALISE,L.,D
2050,PAYNE,BORYS,X.,A
2051,PAYTON,BEATRICE,F.,A
2052,PAYTON,FATHIMA,G.,B
2053,PAZ,ANIYAH,V.,D
2054,PEACOCK,AYA,Y.,A
2055,PEARCE,ARMAAN,X.,C
2056,PEARCE,DOUGAL,T.,A
2057,PEARSON,ARNE,H.,A
2058,PECK,CARRIE,Y.,D
2059,PEDERSEN,ALEKSANDR,R.,D
2060,PELLETIER,ALINA,I.,A
2061,PELLETIER,AMANJEET,J.,A
2062,PENA,ELLIOT,K.,C
2063,PENA,ERIKA,L.,B
2064,PENN,ATTILIO,M.,B
2065,PENNINGTON,AADI,N.,A
2066,PENNINGTON,GEORGE,Y.,D
2067,PEOPLES,AFFAN,L.,A
2068,PEOPLES,DALE,Q.,D
2069,PERALTA,ARCHIE,O.,B
2070,PEREIRA,BENJAMIN,P.,B
2071,PEREIRA,ERYK,Q.,B
2072,PEREIRA,EUAN,J.,B
2073,PEREZ,DANIEL,J.,D
2074,PEREZ,DERRY,J.,A
2075,PEREZ,HARLI,J.,B
2076,PERKINS,AKSHAR,R.,D
2077,PERRY,AYA,V.,D
2078,PERSON,DEON,E.,B
2079,PETERS,FRANK,S.,A
2080,PETERSEN,ANJAN,I.,B
2081,PETERSON,ALEENA,T.,C
2082,PETTIT,AMANDA,U.,C
2083,PETTIT,AROUSH,I.,B
2084,PETTIT,CHUKWUBUIKEM,V.,C
2085,PETTY,AAHIL,V.,B
2086,PETTY,ADHAMH,W.,B
2087,PETTY,BRAYDEN,X.,A
2088,PETTY,CEZARY,Y.,C
2089,PETTY,EILISH,I.,B
2090,PETTY,GEORGIANA,Z.,D
2091,PETTY,HARRIS,G.,C
2092,PHAM,AHSAN,J.,D
2093,PHAN,COREY,A.,C
2094,PHELPS,ERIK,B.,A
2095,PHILLIPS,GABIJA,C.,B
2096,PHIPPS,DERRI,J.,C
2097,PICKETT,AIDAN,J.,B
2098,PIERCE,AALIYAH,J.,D
2099,PIERCE,DUA,J.,C
2100,PIERCE,ERYN,J.,D
2101,PIERCE,GIO,J.,A
2102,PIERRE,AFFONSO,J.,B
2103,PIERSON,FAYE,D.,B
2104,PIKE,ALLISTER,F.,D
2105,PIMENTEL,AMANVEER,V.,B
2106,PIMENTEL,FFION,I.,A
2107,PINA,BAILIE,U.,B
2108,PINA,CALE,A.,A
2109,PINA,COBEY,A.,A
2110,PINEDA,ADAM,E.,D
2111,PINTO,BRIANNA,B.,B
2112,PIPER,BAILIE,C.,B
2113,PIPER,FATHIMA,Q.,B
2114,PITTMAN,ALEKSANDR,E.,D
2115,PITTS,GABRIELLA,F.,D
2116,PLATT,CAITLIN-ANNE,Q.,B
2117,PLUMMER,ANTONIA,G.,D
2118,POE,ARKLE,H.,B
2119,POE,ATILA,R.,D
2120,POLANCO,FRAZER,I.,D
2121,POLK,AIDE,J.,A
2122,POLLARD,HARLEY,J.,C
2123,POLLOCK,DARA,L.,C
2124,PONCE,DOMINIKA,J.,A
2125,POOLE,ABRAHAM,M.,D
2126,POOLE,ADEM,M.,B
2127,POPE,DIYA,K.,A
2128,PORTER,ALDRIN,L.,B
2129,PORTER,CORYN,J.,C
2130,PORTER,ELLIS,J.,C
2131,PORTILLO,BASIM,R.,D
2132,POSEY,ANGELINA,F.,B
2133,POSEY,ARNAV,W.,C
2134,POST,AGHILAS,U.,C
2135,POTTER,EMANUEL,J.,A
2136,POTTS,HAIDER,M.,C
2137,POWELL,ANNELISE,N.,D
2138,POWERS,ALFIE,O.,A
2139,POWERS,AYLA,O.,B
2140,POWERS,GRAYSON,J.,C
2141,PRADO,EESA,U.,C
2142,PRATER,BOBBIE,J.,D
2143,PRATT,ABHIRAM,U.,C
2144,PRATT,AMADOU,V.,D
2145,PRESLEY,EMILIS,O.,C
2146,PRESTON,ANJA,T.,D
2147,PRICE,AMALIA,P.,D
2148,PRIETO,DANNII,H.,D
2149,PRINCE,ALASDHAIR,Q.,A
2150,PRINCE,ANTONI,R.,B
2151,PRITCHARD,ABDULA,S.,B
2152,PRITCHARD,ALISTAR,T.,D
2153,PRITCHARD,AUDREY,K.,B
2154,PRITCHARD,BARTOSZ,R.,D
2155,PRITCHARD,COEN,U.,B
2156,PRITCHARD,GERARD,R.,B
2157,PRITCHETT,BARDIA,V.,B
2158,PROCTOR,ALYXS,E.,C
2159,PRUITT,CLAIRE,W.,B
2160,PRYOR,ALISHIA,X.,D
2161,PUCKETT,BARTLOMIEJ,Y.,B
2162,PUGH,DEVON,Z.,D
2163,PUGH,DIEGO,A.,B
2164,PULIDO,ALEKSANDR,J.,B
2165,PULIDO,ARIELLA,J.,C
2166,PURCELL,ANSON,J.,A
2167,PURCELL,ELISABETH,R.,B
2168,PUTNAM,ARWYN,G.,B
2169,QUEEN,EMANUEL,B.,B
2170,QUEZADA,DEAN,S.,A
2171,QUICK,BLAYNE,C.,A
2172,QUICK,CALLY,I.,B
2173,QUINN,ANITA,B.,C
2174,QUINONES,ABDURRAHMAN,D.,C
2175,QUINTANA,CODY-JAMES,I.,B
2176,QUINTANILLA,AMITOJ,E.,C
2177,QUINTERO,ASHWIN,X.,C
2178,QUIROZ,COBEY,Z.,B
2179,QUIROZ,DAKOTA,G.,B
2180,RAHMAN,CAOIMHE,I.,B
2181,RAINES,BALDEV,Q.,B
2182,RAINEY,ALLEN,J.,A
2183,RAINEY,ERIKA,J.,B
2184,RAMEY,ANDREW,J.,A
2185,RAMEY,DAMIAN,J.,A
2186,RAMEY,ELLA-MAY,J.,A
2187,RAMIREZ,AURELIA,J.,A
2188,RAMIREZ,GRACE,F.,D
2189,RAMOS,AIYLA,J.,C
2190,RAMSEY,ABHIRAM,D.,A
2191,RAMSEY,ANTHANY,V.,D
2192,RANDALL,ANTONIO,R.,D
2193,RANDOLPH,ALFRED,V.,D
2194,RANGEL,BRAIDEN,J.,B
2195,RANKIN,GUY,J.,D
2196,RASMUSSEN,EVA-GRACE,G.,C
2197,RATLIFF,ANTONIO,W.,C
2198,RAY,AMIRAH,S.,B
2199,RAYMOND,AVAH,H.,B
2200,REDMOND,AMINE,I.,B
2201,REECE,AARYN,C.,C
2202,REECE,AKSHAJ,I.,A
2203,REED,HAIDER,J.,A
2204,REEDER,AYYAN,Z.,A
2205,REESE,ANDIE,K.,A
2206,REEVES,AMIRAH,V.,B
2207,REEVES,CIERAN,Y.,B
2208,REGAN,AL-HOUSSEN,W.,B
2209,REID,AMY-LEE,L.,C
2210,REILLY,EMANUEL,I.,A
2211,RENDON,CATRIONA,I.,B
2212,RENTERIA,ALIYA,C.,A
2213,REYES,AERYN,H.,C
2214,REYNA,ESHAN,M.,C
2215,REYNOLDS,ALI,L.,B
2216,REYNOSO,ANJA,Y.,A
2217,RHOADES,ARWEN,J.,A
2218,RHOADES,ESHA,J.,D
2219,RHODES,AFTON,C.,B
2220,RHODES,DARRON,C.,B
2221,RICE,AMADOU,E.,C
2222,RICE,AYAZ,N.,A
2223,RICH,BLYTHE,J.,B
2224,RICHARD,ANNE,F.,A
2225,RICHARD,ANNELIESE,I.,B
2226,RICHARDS,CHARLEE,J.,D
2227,RICHARDSON,BADEN,J.,C
2228,RICHEY,ALEKSANDR,F.,B
2229,RICHMOND,ABIGAIL,O.,C
2230,RICHTER,ALVIN,J.,B
2231,RICKS,ABBY,J.,A
2232,RICKS,CARLA,J.,B
2233,RICO,BROGAN,U.,A
2234,RIDDLE,BEATRICE,P.,D
2235,RIGGS,DERMOT,J.,C
2236,RILEY,ARTUR,Q.,D
2237,RIOS,ANAIS,I.,A
2238,RITCHIE,GORDON,G.,A
2239,RITTER,ARYAN,J.,D
2240,RITTER,ASHRAF,J.,C
2241,RITTER,CARSON,R.,D
2242,RIVAS,CAMRYN,I.,B
2243,RIVERA,ANJA,Q.,A
2244,RIVERA,FFION,F.,B
2245,RIVERS,DAKOTA,Y.,A
2246,RIZZO,AYLEIGH,O.,C
2247,RIZZO,BRADLEY,O.,C
2248,ROACH,ANAYAT,L.,C
2249,ROBBINS,ALIONA,O.,A
2250,ROBERSON,BAYLY,S.,D
2251,ROBERSON,DANIELS,V.,A
2252,ROBERTS,CARRSON,J.,D
2253,ROBERTSON,HARLEY,J.,A
2254,ROBINSON,BRYAN,J.,B
2255,ROBISON,CONNER,J.,A
2256,ROBLES,BERNARD,P.,C
2257,ROCHA,CONOR,J.,A
2258,ROCHE,CHASE,J.,B
2259,ROCK,BAYLY,T.,D
2260,RODGERS,DANIKA,R.,D
2261,RODRIGUES,HAIDER,E.,C
2262,RODRIGUEZ,ETHEN,J.,D
2263,RODRIQUEZ,ALISTAIR,T.,A
2264,ROE,FLYNN,L.,C
2265,ROGERS,ANNAN,J.,A
2266,ROGERS,GORDON,J.,A
2267,ROJAS,HARLAN,J.,B
2268,ROLAND,FRIDA,J.,B
2269,ROLLINS,ABBAD,K.,A
2270,ROLLINS,AMAAN,Q.,B
2271,ROLLINS,BENICIO,J.,A
2272,ROMAN,BRONTE,R.,D
2273,ROMAN,ELSA,R.,C
2274,ROMANO,ALEXANDER-JAMES,U.,B
2275,ROMANO,BRENDAN,V.,C
2276,ROMERO,AMAAN,N.,A
2277,ROMO,BASIM,F.,C
2278,ROMO,BAYLY,D.,A
2279,ROOT,ANITRA,W.,D
2280,ROPER,COLL,J.,A
2281,ROPER,FERN,J.,C
2282,ROSA,ELIDH,J.,C
2283,ROSA,GREGOR,X.,A
2284,ROSADO,EMMA-LOUISE,Y.,A
2285,ROSALES,ALANA,S.,A
2286,ROSALES,ASHWIN,T.,A
2287,ROSARIO,ALEKSANDR,G.,C
2288,ROSARIO,ANNE,J.,A
2289,ROSARIO,ANTONY,T.,D
2290,ROSARIO,CALLIE,J.,D
2291,ROSARIO,FATIMA,Z.,B
2292,ROSAS,AMI,Y.,A
2293,ROSAS,DINO,A.,D
2294,ROSE,GEORGIA,J.,D
2295,ROSEN,AROUSH,Q.,C
2296,ROSENBERG,AVA-LOUISE,N.,A
2297,ROSS,ARUN,J.,B
2298,ROSSI,AIZAH,B.,B
2299,ROTH,D'ARCY,J.,C
2300,ROUSE,ELKIE,C.,C
2301,ROWE,ADEJINMI,U.,B
2302,ROWLAND,AMAAN,J.,C
2303,ROWLAND,ANJA,J.,D
2304,ROY,AIDYN,G.,B
2305,ROY,CAIN,D.,D
2306,RUBIN,BENICIO,E.,A
2307,RUBIO,ADDISON,Q.,D
2308,RUCKER,DAKOTA,L.,A
2309,RUCKER,DOUGAL,F.,B
2310,RUDOLPH,BENTLEY,G.,B
2311,RUIZ,EDDIE,H.,C
2312,RUSH,ABHIRAM,I.,C
2313,RUSH,CLARISSA,J.,A
2314,RUSHING,ANAYA,J.,A
2315,RUSSELL,BRAEDEN,J.,B
2316,RUSSO,AYANA,K.,D
2317,RUTHERFORD,GRANT,L.,D
2318,RUTLEDGE,CONLON,B.,B
2319,RYAN,BADEN,I.,C
2320,RYAN,BOBBI,J.,B
2321,RYAN,DEXTER,M.,C
2322,SAAVEDRA,BAYLY,Y.,A
2323,SAAVEDRA,CHRISTIE,N.,A
2324,SADLER,ALISTAIR,O.,A
2325,SAENZ,CLARE,I.,D
2326,SALAS,BRANDEN,D.,A
2327,SALAZAR,CHRYSTAL,I.,C
2328,SALAZAR,COEN,V.,D
2329,SALCEDO,ANGUS,S.,B
2330,SALCEDO,ANNA,H.,B
2331,SALCEDO,ANNELIESE,C.,D
2332,SALDANA,BEINN,P.,C
2333,SALGADO,ASH,C.,C
2334,SALINAS,COEN,P.,D
2335,SAMPSON,ANDRIUS,J.,A
2336,SAMPSON,CADAN,U.,C
2337,SAMUEL,EVAH,J.,B
2338,SAMUELS,CRUZ,J.,D
2339,SANCHEZ,EDWIN,J.,C
2340,SANDERS,FFION,D.,D
2341,SANDERSON,ANNELIESE,I.,B
2342,SANDOVAL,BEATRIX,J.,B
2343,SANDS,DAYNA,U.,B
2344,SANFORD,CLARK,L.,D
2345,SANTANA,DAVID,F.,C
2346,SANTIAGO,ADEDIMEJI,Q.,D
2347,SANTOS,ANGELINA,J.,C
2348,SANTOS,ELLY,Y.,C
2349,SAPP,ABIGAIL,Q.,A
2350,SAPP,EVELYN,F.,B
2351,SARGENT,ALANS,R.,B
2352,SAUCEDO,CHUKWUBUIKEM,L.,C
2353,SAUNDERS,DEVLIN,S.,D
2354,SAVAGE,AMAR,T.,C
2355,SAWYER,BECCA,U.,C
2356,SCHAEFER,BENNY,V.,A
2357,SCHAFER,ARRYN,J.,D
2358,SCHAFFER,CLARK,Q.,A
2359,SCHMIDT,AIMEE-LEE,J.,A
2360,SCHMITT,ABDALHAI,J.,C
2361,SCHMITZ,ALICE,W.,C
2362,SCHMITZ,GLENN,U.,B
2363,SCHNEIDER,CIARAN,X.,C
2364,SCHNEIDER,COLLEEN,Y.,C
2365,SCHROEDER,DAKOTA,S.,C
2366,SCHULTZ,CORRAN,G.,D
2367,SCHULZ,AMAR,Z.,D
2368,SCHULZ,GARETH,J.,B
2369,SCHUMACHER,ARYAMAN,A.,A
2370,SCHUMACHER,AZAAN,H.,B
2371,SCHUMACHER,CAOIMHE,D.,D
2372,SCHWARTZ,AMIRAH,S.,C
2373,SCOTT,ALEXANDRIA,A.,D
2374,SEARS,CHIAMAKA,U.,A
2375,SEARS,DANIELS,E.,D
2376,SEARS,FARYL,B.,B
2377,SEGURA,ABDUL-HAKIM,C.,D
2378,SELF,BRODEN,T.,D
2379,SELLERS,BAILEIGH,D.,B
2380,SEPULVEDA,ADARA,J.,C
2381,SEPULVEDA,AYMAN,J.,B
2382,SEPULVEDA,CODI,J.,D
2383,SEPULVEDA,HARLOW,V.,C
2384,SERNA,AHMID,E.,B
2385,SERRANO,ABDULLAH,J.,D
2386,SEWELL,AVYUKT,F.,D
2387,SEXTON,FLORA,G.,A
2388,SEYMOUR,ALISTAIR,M.,B
2389,SEYMOUR,AMY,H.,C
2390,SHAFER,CULLEN,J.,C
2391,SHAFFER,ARGYLE,I.,C
2392,SHAH,ELLIE-JO,S.,D
2393,SHANNON,DEVON,J.,B
2394,SHAPIRO,ADIL,J.,D
2395,SHARMA,ELLIE,J.,D
2396,SHARP,COHEN,J.,A
2397,SHARPE,CODI,I.,C
2398,SHAW,CAILEAN,K.,B
2399,SHAW,FATIMAH,L.,A
2400,SHEA,AINSLEY,M.,A
2401,SHEA,ERLAND,J.,D
2402,SHEARER,COEN,F.,C
2403,SHEEHAN,ABI,N.,D
2404,SHEETS,ARCHIE-JAY,J.,D
2405,SHEFFIELD,AMAD,H.,B
2406,SHELDON,DARRYL,Z.,C
2407,SHELTON,DESTINEE,O.,B
2408,SHEPARD,DAYNA,D.,D
2409,SHEPHERD,ANSON,J.,D
2410,SHEPPARD,BROOKLYNE,P.,D
2411,SHERIDAN,CIERAN,P.,D
2412,SHERMAN,DENNIS,H.,B
2413,SHERWOOD,ANAS,Q.,D
2414,SHIELDS,AZAAN,H.,B
2415,SHIN,AUTUMN,O.,A
2416,SHIN,AZAAN,R.,D
2417,SHIPLEY,AMALIA,P.,A
2418,SHIRLEY,BENICIO,S.,C
2419,SHOEMAKER,AMANDEEP,J.,B
2420,SHORT,ARI,J.,A
2421,SIEGEL,AMAN,T.,C
2422,SIEGEL,CULLEN,U.,A
2423,SIERRA,CHARLENE,V.,D
2424,SILVA,BRANDAN,W.,B
2425,SILVA,DARRON,X.,D
2426,SILVER,ALEXANDREAU-LE-PRINCE,Q.,D
2427,SIMMONS,ALI,Q.,D
2428,SIMMONS,CAYDEN,I.,B
2429,SIMMS,DILLAN,Z.,D
2430,SIMON,BARDIA,O.,B
2431,SIMON,BENICIO,Q.,C
2432,SIMONS,ABHIRAM,Y.,D
2433,SIMPSON,ARMAGHAN,Z.,B
2434,SIMPSON,BARDIA,A.,B
2435,SIMS,ALEXIS,B.,A
2436,SINCLAIR,ANTONI,C.,A
2437,SINCLAIR,BREE,D.,B
2438,SINCLAIR,COBEY,E.,C
2439,SINCLAIR,HARRISON,F.,B
2440,SINGER,ANJAN,Q.,D
2441,SINGH,BARRIE,G.,A
2442,SINGH,COBEY,I.,B
2443,SINGLETON,CHERYL,H.,D
2444,SIZEMORE,CASEY,J.,D
2445,SKAGGS,BEA,S.,C
2446,SKINNER,BOYD,I.,B
2447,SKINNER,CODY,J.,B
2448,SKINNER,COEN,J.,A
2449,SLATER,AKSHAR,B.,A
2450,SLAUGHTER,ALESSIO,R.,C
2451,SLAUGHTER,BAXTER,K.,D
2452,SLOAN,ANDI,Q.,D
2453,SLOAN,BASIM,D.,B
2454,SMALL,DAX,Y.,D
2455,SMALLWOOD,AMBER,W.,D
2456,SMART,AYHAM,S.,D
2457,SMART,GARETH,C.,D
2458,SMILEY,EMAN,I.,C
2459,SMITH,CORBYN,E.,A
2460,SNEED,ALESSIO,C.,A
2461,SNELL,ALISTER,O.,A
2462,SNELL,BECKY,I.,B
2463,SNELL,BILLY,L.,C
2464,SNELL,BLAINE,M.,A
2465,SNELL,BRODY,F.,D
2466,SNIDER,ATHOLL,U.,B
2467,SNOW,EVELYN,N.,C
2468,SNYDER,ABDIRAHMAN,U.,D
2469,SOLANO,COEN,A.,C
2470,SOLIS,AUTUMN,N.,C
2471,SOLOMON,DAYNA,H.,A
2472,SONG,AUTUMN,O.,B
2473,SORENSEN,ALIONA,M.,A
2474,SORENSEN,ARIANNA,P.,A
2475,SORENSEN,CAILA,Q.,A
2476,SORENSEN,CAMILLE,E.,B
2477,SORIANO,GABIJA,G.,C
2478,SOSA,ALLIE,R.,A
2479,SOTELO,DEBBIE,V.,D
2480,SOTO,ELISABETH,O.,A
2481,SOUZA,CHEYANNE,W.,C
2482,SPANGLER,BION,G.,D
2483,SPARKS,DEE,S.,A
2484,SPARKS,ELISABETH,C.,C
2485,SPAULDING,ALAND,T.,C
2486,SPAULDING,AUTUMN,X.,A
2487,SPEARS,CALAN,K.,C
2488,SPENCE,DAYNA,L.,A
2489,SPENCER,DAYNA,I.,D
2490,SPICER,CLAIRE,V.,B
2491,SPIVEY,AVAH,N.,A
2492,SPRAGUE,CORAL,Q.,C
2493,SPRINGER,AYYAN,J.,D
2494,STACY,CAYDEN,U.,C
2495,STAFFORD,DENNIS,W.,D
2496,STAHL,ALESSIO,V.,B
2497,STALEY,AINE,W.,A
2498,STALEY,BAILEY,J.,C
2499,STALEY,CELESTE,X.,D
2500,STALEY,COINNEACH,U.,C
2501,STANFORD,BECKY,J.,A
2502,STANLEY,DOUGIE,Y.,A
2503,STANTON,AUTUMN,J.,B
2504,STANTON,CAROLINE,Z.,A
2505,STAPLETON,AOUS,V.,B
2506,STARK,ARTURS,W.,D
2507,STARKS,HARLEY,A.,B
2508,STARR,CONOR,J.,C
2509,STEELE,EOIN,J.,D
2510,STEIN,ABDUL-HAKIM,B.,D
2511,STEIN,ANSON,C.,B
2512,STEIN,BEATRICE,D.,C
2513,STEINER,BECKY,I.,C
2514,STEPHENS,CLYDE,J.,B
2515,STEPHENSON,COBIE,J.,D
2516,STERLING,DINO,J.,B
2517,STERN,CRYSTAL,E.,A
2518,STEVENS,EDGAR,F.,B
2519,STEVENSON,ALAYNA,J.,A
2520,STEWARD,AVA-LOUISE,G.,C
2521,STEWART,ANANYA,L.,D
2522,STEWART,FRAYA,H.,B
2523,STILES,COLE,I.,C
2524,STINSON,ENYA,J.,A
2525,STOKES,ABHIRAM,J.,D
2526,STOKES,AIDE,K.,B
2527,STOKES,DIMITRI,L.,A
2528,STONE,AFTON,J.,A
2529,STONE,ALPHONSUS,I.,C
2530,STONE,ELISABETH,U.,A
2531,STORY,AMINAH,J.,A
2532,STOUT,ARDA,M.,D
2533,STOVER,AIDE,I.,D
2534,STRATTON,CURTIS,I.,D
2535,STREET,CONALL,J.,B
2536,STRICKLAND,BASIM,N.,D
2537,STRONG,AYAZ,O.,B
2538,STRONG,AYHAM,P.,B
2539,STRONG,AYLEIGH,Q.,B
2540,STROUD,BRODEN,J.,A
2541,STUART,AILEE,W.,C
2542,STUART,BRAM,R.,C
2543,STUBBS,ELLISE,S.,D
2544,SUAREZ,ADEN,J.,B
2545,SULLIVAN,EVELYN,Z.,A
2546,SUMMERS,AMIRAH,O.,C
2547,SUMNER,BIYRON,J.,C
2548,SUN,AULAY,T.,C
2549,SUN,EVELYN,U.,A
2550,SUTHERLAND,EMILIS,G.,C
2551,SUTTON,EMAN,V.,D
2552,SWAIN,DANIELS,W.,B
2553,SWAIN,GRANT,V.,D
2554,SWAN,HALI,J.,D
2555,SWAN,HARLOW,J.,C
2556,SWANSON,ABHIRAM,B.,A
2557,SWARTZ,DARRON,X.,B
2558,SWEENEY,ANMOL,J.,D
2559,SWEET,ALEXANDER-JAMES,E.,C
2560,SWENSON,ANSON,J.,A
2561,SWENSON,FATHIMA,J.,A
2562,SWIFT,AKSHAR,Y.,C
2563,SWIFT,ANIKA,J.,A
2564,SWIFT,ANSON,Z.,C
2565,SWIFT,HARLEEN,J.,D
2566,SYKES,EVELYN,J.,C
2567,SYLVESTER,CARRIE,A.,B
2568,TACKETT,AHMAD,B.,C
2569,TACKETT,BEATRICE,J.,A
2570,TACKETT,ELISABETH,E.,C
2571,TALLEY,HAIDER,J.,B
2572,TAN,AMAYA,J.,A
2573,TAN,BARRY,J.,C
2574,TAN,BRODEN,J.,D
2575,TAN,COEN,J.,A
2576,TANG,ABHIRAM,C.,A
2577,TANNER,CLARK,D.,C
2578,TAPIA,EMANUEL,F.,D
2579,TATE,DANIELS,Q.,A
2580,TATUM,BROGHAN,E.,C
2581,TAYLOR,FIA,F.,A
2582,TEAGUE,BIXUAN,I.,A
2583,TELLEZ,AUDREY,G.,C
2584,TEMPLE,ANITA,J.,A
2585,TEMPLE,ANUM,J.,B
